{"version":"0.4","title":"Career Section","type":"section","content":[{"id":"136f4521","settings":{"stretch_section":"section-stretched","background_background":"classic","background_color":"#60D7A9","padding":{"unit":"px","top":"100","right":"0","bottom":"100","left":"0","isLinked":false},"shape_divider_top":"wave-brush","shape_divider_bottom":"wave-brush","shape_divider_top_width":{"unit":"%","size":100,"sizes":[]},"shape_divider_top_height":{"unit":"px","size":100,"sizes":[]},"shape_divider_bottom_height":{"unit":"px","size":100,"sizes":[]},"_element_id":"teducation"},"elements":[{"id":"2832f39d","settings":{"_column_size":100,"_inline_size":null},"elements":[{"id":"534bb181","settings":[],"elements":[{"id":"451851c8","settings":{"_column_size":100,"_inline_size":null,"margin":{"unit":"px","top":"0","right":"0","bottom":"50","left":"0","isLinked":false}},"elements":[{"id":"25241c8e","settings":{"title":"Achievement","title_color":"rgba(2, 1, 1, 0.04)","typography_typography":"custom","typography_font_size":{"unit":"px","size":148,"sizes":[]},"_margin":{"unit":"px","top":"0","right":"0","bottom":"-135","left":"-70","isLinked":false},"typography_font_size_tablet":{"unit":"px","size":100,"sizes":[]},"typography_font_size_mobile":{"unit":"px","size":50,"sizes":[]},"_margin_tablet":{"unit":"px","top":"0","right":"0","bottom":"-135","left":"-50","isLinked":false},"_animation":"fadeInRight","_animation_delay":600},"elements":[],"isInner":false,"widgetType":"heading","elType":"widget"},{"id":"7545d845","settings":{"title":"My Presentation ","header_size":"h6","title_color":"#FFFFFF","typography_typography":"custom","typography_font_weight":"400","typography_text_transform":"uppercase","typography_letter_spacing":{"unit":"px","size":10,"sizes":[]}},"elements":[],"isInner":false,"widgetType":"heading","elType":"widget"},{"id":"68af6ae1","settings":{"title":"EDUCATION, WORK & Skills","typography_typography":"custom","typography_letter_spacing":{"unit":"px","size":10,"sizes":[]},"typography_font_size_tablet":{"unit":"px","size":40,"sizes":[]},"typography_font_size_mobile":{"unit":"px","size":32,"sizes":[]},"typography_letter_spacing_tablet":{"unit":"px","size":2,"sizes":[]}},"elements":[],"isInner":false,"widgetType":"heading","elType":"widget"}],"isInner":true,"elType":"column"}],"isInner":true,"elType":"section"},{"id":"22e4f619","settings":{"structure":"20"},"elements":[{"id":"4fddfa58","settings":{"_column_size":50,"_inline_size":null,"padding":{"unit":"px","top":"0","right":"50","bottom":"0","left":"0","isLinked":false},"margin_mobile":{"unit":"px","top":"0","right":"0","bottom":"0","left":"0","isLinked":false},"padding_mobile":{"unit":"px","top":"0","right":"0","bottom":"0","left":"0","isLinked":false},"animation":"fadeIn","animation_duration":"slow","animation_delay":300},"elements":[{"id":"3edd59ca","settings":{"title":"MY","header_size":"h6","title_color":"#FFFFFF","typography_typography":"custom","typography_font_weight":"400","typography_text_transform":"uppercase","typography_letter_spacing":{"unit":"px","size":10,"sizes":[]},"_margin":{"unit":"px","top":"0","right":"0","bottom":"-15","left":"0","isLinked":false}},"elements":[],"isInner":false,"widgetType":"heading","elType":"widget"},{"id":"de4c7ea","settings":{"title":"WORK HISTORY","header_size":"h3","title_color":"#FFFFFF","typography_typography":"custom","typography_font_size":{"unit":"px","size":40,"sizes":[]},"typography_font_weight":"900","typography_letter_spacing":{"unit":"px","size":5,"sizes":[]},"typography_font_size_mobile":{"unit":"px","size":22,"sizes":[]}},"elements":[],"isInner":false,"widgetType":"heading","elType":"widget"},{"id":"51fb7eb4","settings":{"title":"Web Developer","typography_typography":"custom","typography_font_size":{"unit":"px","size":18,"sizes":[]},"typography_font_weight":"700","typography_letter_spacing":{"unit":"px","size":1,"sizes":[]},"_margin":{"unit":"px","top":"10","right":"0","bottom":"0","left":"0","isLinked":false}},"elements":[],"isInner":false,"widgetType":"heading","elType":"widget"},{"id":"709213fe","settings":{"editor":"<p>Pixelwars Inc.<\/p>","text_color":"rgba(2, 1, 1, 0.41)","typography_typography":"custom","typography_font_size":{"unit":"px","size":12,"sizes":[]},"typography_text_transform":"uppercase","typography_letter_spacing":{"unit":"px","size":2,"sizes":[]},"_margin":{"unit":"px","top":"-15","right":"0","bottom":"0","left":"0","isLinked":false}},"elements":[],"isInner":false,"widgetType":"text-editor","elType":"widget"},{"id":"c8a06f3","settings":{"editor":"<p>I currently work for Pixelwars creative studio. I create usable web interfaces, front end coding stuff and almost anything. But i love what i do.<\/p>","typography_typography":"custom","typography_font_size":{"unit":"px","size":14,"sizes":[]},"_margin":{"unit":"px","top":"-10","right":"0","bottom":"0","left":"0","isLinked":false},"text_color":"#030317"},"elements":[],"isInner":false,"widgetType":"text-editor","elType":"widget"},{"id":"d10d81d","settings":{"title":"Exclusive Author","typography_typography":"custom","typography_font_size":{"unit":"px","size":18,"sizes":[]},"typography_font_weight":"700","typography_letter_spacing":{"unit":"px","size":1,"sizes":[]},"_margin":{"unit":"px","top":"10","right":"0","bottom":"0","left":"0","isLinked":false}},"elements":[],"isInner":false,"widgetType":"heading","elType":"widget"},{"id":"55dc96f1","settings":{"editor":"<p>Envato Inc. ersity<\/p>","text_color":"rgba(2, 1, 1, 0.41)","typography_typography":"custom","typography_font_size":{"unit":"px","size":12,"sizes":[]},"typography_text_transform":"uppercase","typography_letter_spacing":{"unit":"px","size":2,"sizes":[]},"_margin":{"unit":"px","top":"-15","right":"0","bottom":"0","left":"0","isLinked":false}},"elements":[],"isInner":false,"widgetType":"text-editor","elType":"widget"},{"id":"6090f9b1","settings":{"editor":"<p>I am an Elite Author at Envato. I create usable web interfaces, front end coding stuff and almost anything. But i love what i do.<\/p>","typography_typography":"custom","typography_font_size":{"unit":"px","size":14,"sizes":[]},"_margin":{"unit":"px","top":"-10","right":"0","bottom":"0","left":"0","isLinked":false},"text_color":"#030317"},"elements":[],"isInner":false,"widgetType":"text-editor","elType":"widget"}],"isInner":true,"elType":"column"},{"id":"8587483","settings":{"_column_size":50,"_inline_size":null,"padding":{"unit":"px","top":"0","right":"0","bottom":"0","left":"050","isLinked":false},"margin_mobile":{"unit":"px","top":"25","right":"0","bottom":"0","left":"0","isLinked":false},"padding_mobile":{"unit":"px","top":"0","right":"0","bottom":"0","left":"0","isLinked":false},"animation":"fadeIn","animation_duration":"slow","animation_delay":300},"elements":[{"id":"466a08b0","settings":{"title":"MY","header_size":"h6","title_color":"#FFFFFF","typography_typography":"custom","typography_font_weight":"400","typography_text_transform":"uppercase","typography_letter_spacing":{"unit":"px","size":10,"sizes":[]},"_margin":{"unit":"px","top":"0","right":"0","bottom":"-15","left":"0","isLinked":false}},"elements":[],"isInner":false,"widgetType":"heading","elType":"widget"},{"id":"3dc81ac3","settings":{"title":"EDUCATION","header_size":"h3","title_color":"#FFFFFF","typography_typography":"custom","typography_font_size":{"unit":"px","size":40,"sizes":[]},"typography_font_weight":"900","typography_letter_spacing":{"unit":"px","size":5,"sizes":[]},"typography_font_size_mobile":{"unit":"px","size":22,"sizes":[]}},"elements":[],"isInner":false,"widgetType":"heading","elType":"widget"},{"id":"7e98b4d8","settings":{"title":"Software Engineering","typography_typography":"custom","typography_font_size":{"unit":"px","size":18,"sizes":[]},"typography_font_weight":"700","typography_letter_spacing":{"unit":"px","size":1,"sizes":[]},"_margin":{"unit":"px","top":"10","right":"0","bottom":"0","left":"0","isLinked":false}},"elements":[],"isInner":false,"widgetType":"heading","elType":"widget"},{"id":"40fecd52","settings":{"editor":"<p>Stanford University<\/p>","text_color":"rgba(2, 1, 1, 0.41)","typography_typography":"custom","typography_font_size":{"unit":"px","size":12,"sizes":[]},"typography_text_transform":"uppercase","typography_letter_spacing":{"unit":"px","size":2,"sizes":[]},"_margin":{"unit":"px","top":"-15","right":"0","bottom":"0","left":"0","isLinked":false}},"elements":[],"isInner":false,"widgetType":"text-editor","elType":"widget"},{"id":"61b38e11","settings":{"editor":"<p>I studied atomic stuff at Stanford University. I create usable web interfaces, front end coding stuff and almost anything. But i love what i do.<\/p>","typography_typography":"custom","typography_font_size":{"unit":"px","size":14,"sizes":[]},"_margin":{"unit":"px","top":"-10","right":"0","bottom":"0","left":"0","isLinked":false},"text_color":"#030317"},"elements":[],"isInner":false,"widgetType":"text-editor","elType":"widget"},{"id":"761ddc99","settings":{"title":"Computer Science","typography_typography":"custom","typography_font_size":{"unit":"px","size":18,"sizes":[]},"typography_font_weight":"700","typography_letter_spacing":{"unit":"px","size":1,"sizes":[]},"_margin":{"unit":"px","top":"10","right":"0","bottom":"0","left":"0","isLinked":false}},"elements":[],"isInner":false,"widgetType":"heading","elType":"widget"},{"id":"83d99a2","settings":{"editor":"<p>Harvard University<\/p>","text_color":"rgba(2, 1, 1, 0.41)","typography_typography":"custom","typography_font_size":{"unit":"px","size":12,"sizes":[]},"typography_text_transform":"uppercase","typography_letter_spacing":{"unit":"px","size":2,"sizes":[]},"_margin":{"unit":"px","top":"-15","right":"0","bottom":"0","left":"0","isLinked":false}},"elements":[],"isInner":false,"widgetType":"text-editor","elType":"widget"},{"id":"76097e94","settings":{"editor":"<p>I studied atomic stuff at Stanford University. I create usable web interfaces, front end coding stuff and almost anything. But i love what i do.<\/p>","typography_typography":"custom","typography_font_size":{"unit":"px","size":14,"sizes":[]},"_margin":{"unit":"px","top":"-10","right":"0","bottom":"0","left":"0","isLinked":false},"text_color":"#030317"},"elements":[],"isInner":false,"widgetType":"text-editor","elType":"widget"}],"isInner":true,"elType":"column"}],"isInner":true,"elType":"section"},{"id":"13ef76e0","settings":{"structure":"20","margin":{"unit":"px","top":"50","right":0,"bottom":"0","left":0,"isLinked":false}},"elements":[{"id":"1eca53e0","settings":{"_column_size":50,"_inline_size":null,"padding":{"unit":"px","top":"0","right":"50","bottom":"0","left":"0","isLinked":false},"padding_mobile":{"unit":"px","top":"0","right":"0","bottom":"0","left":"0","isLinked":false}},"elements":[{"id":"bd65c62","settings":{"title":"MY","header_size":"h6","title_color":"#FFFFFF","typography_typography":"custom","typography_font_weight":"400","typography_text_transform":"uppercase","typography_letter_spacing":{"unit":"px","size":10,"sizes":[]},"_margin":{"unit":"px","top":"0","right":"0","bottom":"-15","left":"0","isLinked":false}},"elements":[],"isInner":false,"widgetType":"heading","elType":"widget"},{"id":"200a2b80","settings":{"title":"Skills","header_size":"h3","title_color":"#FFFFFF","typography_typography":"custom","typography_font_size":{"unit":"px","size":40,"sizes":[]},"typography_font_weight":"900","typography_letter_spacing":{"unit":"px","size":5,"sizes":[]},"typography_font_size_mobile":{"unit":"px","size":22,"sizes":[]}},"elements":[],"isInner":false,"widgetType":"heading","elType":"widget"},{"id":"42092a5f","settings":{"title":"ui\/ux designer","percent":{"unit":"%","size":80,"sizes":[]},"display_percentage":"hide","inner_text":"","bar_color":"#FFFFFF","bar_bg_color":"rgba(2, 1, 1, 0.07)","bar_height":{"unit":"px","size":13,"sizes":[]},"bar_border_radius":{"unit":"px","size":25,"sizes":[]},"bar_inner_typography_typography":"custom","typography_typography":"custom","typography_font_size":{"unit":"px","size":14,"sizes":[]},"typography_text_transform":"uppercase","typography_letter_spacing":{"unit":"px","size":3,"sizes":[]},"_margin":{"unit":"px","top":"0","right":"0","bottom":"10","left":"0","isLinked":false}},"elements":[],"isInner":false,"widgetType":"progress","elType":"widget"},{"id":"35e29c69","settings":{"title":"WORDPRESS","percent":{"unit":"%","size":100,"sizes":[]},"display_percentage":"hide","inner_text":"","bar_color":"#FFFFFF","bar_height":{"unit":"px","size":13,"sizes":[]},"bar_border_radius":{"unit":"px","size":25,"sizes":[]},"bar_inner_typography_typography":"custom","typography_typography":"custom","typography_font_size":{"unit":"px","size":14,"sizes":[]},"typography_text_transform":"uppercase","typography_letter_spacing":{"unit":"px","size":3,"sizes":[]},"_margin":{"unit":"px","top":"0","right":"0","bottom":"10","left":"0","isLinked":false},"bar_bg_color":"rgba(2, 1, 1, 0.07)"},"elements":[],"isInner":false,"widgetType":"progress","elType":"widget"},{"id":"83cd3ad","settings":{"title":"Theme Customize ","percent":{"unit":"%","size":95,"sizes":[]},"display_percentage":"hide","inner_text":"","bar_color":"#FFFFFF","bar_height":{"unit":"px","size":13,"sizes":[]},"bar_border_radius":{"unit":"px","size":25,"sizes":[]},"bar_inner_typography_typography":"custom","typography_typography":"custom","typography_font_size":{"unit":"px","size":14,"sizes":[]},"typography_text_transform":"uppercase","typography_letter_spacing":{"unit":"px","size":3,"sizes":[]},"_margin":{"unit":"px","top":"0","right":"0","bottom":"10","left":"0","isLinked":false},"bar_bg_color":"rgba(2, 1, 1, 0.07)"},"elements":[],"isInner":false,"widgetType":"progress","elType":"widget"},{"id":"20fd0ada","settings":{"title":"Page Builder","percent":{"unit":"%","size":90,"sizes":[]},"display_percentage":"hide","inner_text":"","bar_color":"#FFFFFF","bar_height":{"unit":"px","size":13,"sizes":[]},"bar_border_radius":{"unit":"px","size":25,"sizes":[]},"bar_inner_typography_typography":"custom","typography_typography":"custom","typography_font_size":{"unit":"px","size":14,"sizes":[]},"typography_text_transform":"uppercase","typography_letter_spacing":{"unit":"px","size":3,"sizes":[]},"_margin":{"unit":"px","top":"0","right":"0","bottom":"10","left":"0","isLinked":false},"bar_bg_color":"rgba(2, 1, 1, 0.07)"},"elements":[],"isInner":false,"widgetType":"progress","elType":"widget"},{"id":"276c23e3","settings":{"title":"PSD  to html","percent":{"unit":"%","size":100,"sizes":[]},"display_percentage":"hide","inner_text":"","bar_color":"#FFFFFF","bar_height":{"unit":"px","size":13,"sizes":[]},"bar_border_radius":{"unit":"px","size":25,"sizes":[]},"bar_inner_typography_typography":"custom","typography_typography":"custom","typography_font_size":{"unit":"px","size":14,"sizes":[]},"typography_text_transform":"uppercase","typography_letter_spacing":{"unit":"px","size":3,"sizes":[]},"_margin":{"unit":"px","top":"0","right":"0","bottom":"10","left":"0","isLinked":false},"bar_bg_color":"rgba(2, 1, 1, 0.07)"},"elements":[],"isInner":false,"widgetType":"progress","elType":"widget"}],"isInner":true,"elType":"column"},{"id":"1e4d820e","settings":{"_column_size":50,"_inline_size":null,"padding":{"unit":"px","top":"0","right":"0","bottom":"0","left":"50","isLinked":false},"margin_mobile":{"unit":"px","top":"25","right":"0","bottom":"0","left":"0","isLinked":false},"padding_mobile":{"unit":"px","top":"0","right":"0","bottom":"0","left":"0","isLinked":false}},"elements":[{"id":"7fb0459b","settings":{"title":"MY","header_size":"h6","title_color":"#FFFFFF","typography_typography":"custom","typography_font_weight":"400","typography_text_transform":"uppercase","typography_letter_spacing":{"unit":"px","size":10,"sizes":[]},"_margin":{"unit":"px","top":"0","right":"0","bottom":"-15","left":"0","isLinked":false}},"elements":[],"isInner":false,"widgetType":"heading","elType":"widget"},{"id":"14da3f45","settings":{"title":"Other Skills","header_size":"h3","title_color":"#FFFFFF","typography_typography":"custom","typography_font_size":{"unit":"px","size":40,"sizes":[]},"typography_font_weight":"900","typography_letter_spacing":{"unit":"px","size":5,"sizes":[]},"typography_font_size_mobile":{"unit":"px","size":22,"sizes":[]}},"elements":[],"isInner":false,"widgetType":"heading","elType":"widget"},{"id":"1b7d9e45","settings":{"title":"Creative ","percent":{"unit":"%","size":80,"sizes":[]},"display_percentage":"hide","inner_text":"","bar_color":"#FFFFFF","bar_bg_color":"rgba(2, 1, 1, 0.07)","bar_height":{"unit":"px","size":13,"sizes":[]},"bar_border_radius":{"unit":"px","size":25,"sizes":[]},"bar_inner_typography_typography":"custom","typography_typography":"custom","typography_font_size":{"unit":"px","size":14,"sizes":[]},"typography_text_transform":"uppercase","typography_letter_spacing":{"unit":"px","size":3,"sizes":[]},"_margin":{"unit":"px","top":"0","right":"0","bottom":"10","left":"0","isLinked":false}},"elements":[],"isInner":false,"widgetType":"progress","elType":"widget"},{"id":"24a30fc5","settings":{"title":"Leadership","percent":{"unit":"%","size":100,"sizes":[]},"display_percentage":"hide","inner_text":"","bar_color":"#FFFFFF","bar_height":{"unit":"px","size":13,"sizes":[]},"bar_border_radius":{"unit":"px","size":25,"sizes":[]},"bar_inner_typography_typography":"custom","typography_typography":"custom","typography_font_size":{"unit":"px","size":14,"sizes":[]},"typography_text_transform":"uppercase","typography_letter_spacing":{"unit":"px","size":3,"sizes":[]},"_margin":{"unit":"px","top":"0","right":"0","bottom":"10","left":"0","isLinked":false},"bar_bg_color":"rgba(2, 1, 1, 0.07)"},"elements":[],"isInner":false,"widgetType":"progress","elType":"widget"},{"id":"399a4b90","settings":{"title":"Communication ","percent":{"unit":"%","size":100,"sizes":[]},"display_percentage":"hide","inner_text":"","bar_color":"#FFFFFF","bar_height":{"unit":"px","size":13,"sizes":[]},"bar_border_radius":{"unit":"px","size":25,"sizes":[]},"bar_inner_typography_typography":"custom","typography_typography":"custom","typography_font_size":{"unit":"px","size":14,"sizes":[]},"typography_text_transform":"uppercase","typography_letter_spacing":{"unit":"px","size":3,"sizes":[]},"_margin":{"unit":"px","top":"0","right":"0","bottom":"10","left":"0","isLinked":false},"bar_bg_color":"rgba(2, 1, 1, 0.07)"},"elements":[],"isInner":false,"widgetType":"progress","elType":"widget"},{"id":"5e4efc8a","settings":{"title":"Cooperation ","percent":{"unit":"%","size":90,"sizes":[]},"display_percentage":"hide","inner_text":"","bar_color":"#FFFFFF","bar_height":{"unit":"px","size":13,"sizes":[]},"bar_border_radius":{"unit":"px","size":25,"sizes":[]},"bar_inner_typography_typography":"custom","typography_typography":"custom","typography_font_size":{"unit":"px","size":14,"sizes":[]},"typography_text_transform":"uppercase","typography_letter_spacing":{"unit":"px","size":3,"sizes":[]},"_margin":{"unit":"px","top":"0","right":"0","bottom":"10","left":"0","isLinked":false},"bar_bg_color":"rgba(2, 1, 1, 0.07)"},"elements":[],"isInner":false,"widgetType":"progress","elType":"widget"},{"id":"64d314dd","settings":{"title":"Deadline ","percent":{"unit":"%","size":100,"sizes":[]},"display_percentage":"hide","inner_text":"","bar_color":"#FFFFFF","bar_height":{"unit":"px","size":13,"sizes":[]},"bar_border_radius":{"unit":"px","size":25,"sizes":[]},"bar_inner_typography_typography":"custom","typography_typography":"custom","typography_font_size":{"unit":"px","size":14,"sizes":[]},"typography_text_transform":"uppercase","typography_letter_spacing":{"unit":"px","size":3,"sizes":[]},"_margin":{"unit":"px","top":"0","right":"0","bottom":"10","left":"0","isLinked":false},"bar_bg_color":"rgba(2, 1, 1, 0.07)"},"elements":[],"isInner":false,"widgetType":"progress","elType":"widget"}],"isInner":true,"elType":"column"}],"isInner":true,"elType":"section"}],"isInner":false,"elType":"column"}],"isInner":false,"elType":"section"}]}