{"version":"0.4","title":"Contact Section","type":"section","content":[{"id":"10836c38","settings":{"stretch_section":"section-stretched"},"elements":[{"id":"3e1a94c5","settings":{"_column_size":100,"_inline_size":null},"elements":[{"id":"79df870d","settings":{"margin_mobile":{"unit":"px","top":"0","right":0,"bottom":"0","left":0,"isLinked":false},"padding_mobile":{"unit":"px","top":"0","right":"0","bottom":"0","left":"0","isLinked":false}},"elements":[{"id":"5ac12c28","settings":{"_column_size":100,"_inline_size":null},"elements":[{"id":"495c71ba","settings":{"title":"Contact","title_color":"rgba(2, 1, 1, 0.04)","typography_typography":"custom","typography_font_size":{"unit":"px","size":148,"sizes":[]},"_margin":{"unit":"px","top":"0","right":"0","bottom":"-135","left":"-70","isLinked":false},"typography_font_size_tablet":{"unit":"px","size":100,"sizes":[]},"typography_font_size_mobile":{"unit":"px","size":70,"sizes":[]},"_margin_tablet":{"unit":"px","top":"0","right":"0","bottom":"-135","left":"-50","isLinked":false},"_animation":"fadeInRight","_animation_delay":600},"elements":[],"isInner":false,"widgetType":"heading","elType":"widget"},{"id":"75acdd44","settings":{"title":"Lets Make a deal","header_size":"h6","title_color":"#60D7A9","typography_typography":"custom","typography_font_weight":"400","typography_text_transform":"uppercase","typography_letter_spacing":{"unit":"px","size":10,"sizes":[]},"typography_letter_spacing_mobile":{"unit":"px","size":3,"sizes":[]}},"elements":[],"isInner":false,"widgetType":"heading","elType":"widget"},{"id":"41770aab","settings":{"title":"Contact Me","typography_typography":"custom","typography_letter_spacing":{"unit":"px","size":10,"sizes":[]},"typography_font_size_tablet":{"unit":"px","size":40,"sizes":[]},"typography_font_size_mobile":{"unit":"px","size":32,"sizes":[]},"typography_letter_spacing_tablet":{"unit":"px","size":2,"sizes":[]}},"elements":[],"isInner":false,"widgetType":"heading","elType":"widget"}],"isInner":true,"elType":"column"}],"isInner":true,"elType":"section"},{"id":"603c82e9","settings":{"structure":"20","padding":{"unit":"px","top":"35","right":"0","bottom":"0","left":"0","isLinked":false}},"elements":[{"id":"472a17e7","settings":{"_column_size":50,"_inline_size":40,"animation":"fadeIn","animation_duration":"slow","animation_delay":300},"elements":[{"id":"5f77d468","settings":{"title":"MY","header_size":"h6","title_color":"#FFFFFF","typography_typography":"custom","typography_font_weight":"400","typography_text_transform":"uppercase","typography_letter_spacing":{"unit":"px","size":10,"sizes":[]},"_margin":{"unit":"px","top":"0","right":"0","bottom":"-15","left":"0","isLinked":false}},"elements":[],"isInner":false,"widgetType":"heading","elType":"widget"},{"id":"6c577b6f","settings":{"selected_icon":{"value":"fas fa-map-marker-alt","library":"fa-solid"},"title_text":"Address","description_text":"Based in Los Angeles, USA","position":"left","title_size":"h5","primary_color":"#60D7A9","title_bottom_space":{"unit":"px","size":5,"sizes":[]},"title_typography_typography":"custom","title_typography_font_weight":"600","title_typography_text_transform":"uppercase","title_typography_letter_spacing":{"unit":"px","size":5,"sizes":[]},"description_typography_typography":"custom","description_typography_font_size":{"unit":"px","size":14,"sizes":[]},"_margin":{"unit":"px","top":"0","right":"0","bottom":"20","left":"0","isLinked":false},"icon_space_mobile":{"unit":"px","size":5,"sizes":[]},"icon_size_mobile":{"unit":"px","size":40,"sizes":[]}},"elements":[],"isInner":false,"widgetType":"icon-box","elType":"widget"},{"id":"532aa3ae","settings":{"selected_icon":{"value":"fas fa-phone-volume","library":"fa-solid"},"title_text":"Contact no","description_text":"Tel : +123 456 78900\n","position":"left","title_size":"h5","primary_color":"#60D7A9","title_bottom_space":{"unit":"px","size":5,"sizes":[]},"title_typography_typography":"custom","title_typography_font_weight":"600","title_typography_text_transform":"uppercase","title_typography_letter_spacing":{"unit":"px","size":5,"sizes":[]},"description_typography_typography":"custom","description_typography_font_size":{"unit":"px","size":14,"sizes":[]},"_margin":{"unit":"px","top":"0","right":"0","bottom":"20","left":"0","isLinked":false},"icon_space_mobile":{"unit":"px","size":5,"sizes":[]},"icon_size_mobile":{"unit":"px","size":40,"sizes":[]}},"elements":[],"isInner":false,"widgetType":"icon-box","elType":"widget"},{"id":"700430bb","settings":{"selected_icon":{"value":"far fa-envelope","library":"fa-regular"},"title_text":"Email","description_text":"info@jimfahaddigital.com\n","position":"left","title_size":"h5","primary_color":"#60D7A9","title_bottom_space":{"unit":"px","size":5,"sizes":[]},"title_typography_typography":"custom","title_typography_font_weight":"600","title_typography_text_transform":"uppercase","title_typography_letter_spacing":{"unit":"px","size":5,"sizes":[]},"description_typography_typography":"custom","description_typography_font_size":{"unit":"px","size":14,"sizes":[]},"_margin":{"unit":"px","top":"0","right":"0","bottom":"20","left":"0","isLinked":false},"icon_space_mobile":{"unit":"px","size":5,"sizes":[]},"icon_size_mobile":{"unit":"px","size":40,"sizes":[]}},"elements":[],"isInner":false,"widgetType":"icon-box","elType":"widget"},{"id":"4fd55ab","settings":{"social_icon_list":[{"social_icon":{"value":"fab fa-facebook","library":"fa-brands"},"_id":"b36680c","link":{"url":"","is_external":"true","nofollow":""},"item_icon_color":"default","item_icon_primary_color":"","item_icon_secondary_color":""},{"social_icon":{"value":"fab fa-twitter","library":"fa-brands"},"_id":"a7da3b9","link":{"url":"","is_external":"true","nofollow":""},"item_icon_color":"default","item_icon_primary_color":"","item_icon_secondary_color":""},{"social_icon":{"value":"fab fa-youtube","library":"fa-brands"},"_id":"5d70107","link":{"url":"","is_external":"true","nofollow":""},"item_icon_color":"default","item_icon_primary_color":"","item_icon_secondary_color":""},{"social_icon":{"value":"fab fa-instagram","library":"fa-brands"},"link":{"url":"","is_external":"true","nofollow":""},"item_icon_color":"default","item_icon_primary_color":"","item_icon_secondary_color":"","_id":"385ccec"},{"social_icon":{"value":"fab fa-linkedin","library":"fa-brands"},"link":{"url":"","is_external":"true","nofollow":""},"item_icon_color":"default","item_icon_primary_color":"","item_icon_secondary_color":"","_id":"eccb113"}],"shape":"circle","align":"left","icon_color":"custom","icon_primary_color":"rgba(3, 3, 23, 0)","icon_secondary_color":"#030317","icon_size":{"unit":"px","size":18,"sizes":[]},"image_border_border":"solid","image_border_width":{"unit":"px","top":"2","right":"2","bottom":"2","left":"2","isLinked":true},"image_border_color":"#030317","hover_primary_color":"#030317","hover_secondary_color":"#FFFFFF","hover_animation":"pulse","align_mobile":"center"},"elements":[],"isInner":false,"widgetType":"social-icons","elType":"widget"}],"isInner":true,"elType":"column"},{"id":"2dfe4d2e","settings":{"_column_size":50,"_inline_size":60},"elements":[],"isInner":true,"elType":"column"}],"isInner":true,"elType":"section"}],"isInner":false,"elType":"column"}],"isInner":false,"elType":"section"}]}