{"version":"0.4","title":"Pricing Tables","type":"section","content":[{"id":"23a7ce77","settings":{"stretch_section":"section-stretched"},"elements":[{"id":"3738e75e","settings":{"_column_size":100,"_inline_size":null},"elements":[{"id":"1bc9d3a8","settings":{"margin_mobile":{"unit":"px","top":"0","right":0,"bottom":"0","left":0,"isLinked":false},"padding_mobile":{"unit":"px","top":"0","right":"0","bottom":"0","left":"0","isLinked":false},"margin":{"unit":"px","top":"60","right":0,"bottom":"0","left":0,"isLinked":false}},"elements":[{"id":"386ad5ba","settings":{"_column_size":100,"_inline_size":null},"elements":[{"id":"7e0de8cb","settings":{"title":"Pricing","title_color":"rgba(2, 1, 1, 0.04)","typography_typography":"custom","typography_font_size":{"unit":"px","size":148,"sizes":[]},"_margin":{"unit":"px","top":"0","right":"0","bottom":"-135","left":"-70","isLinked":false},"typography_font_size_tablet":{"unit":"px","size":100,"sizes":[]},"typography_font_size_mobile":{"unit":"px","size":70,"sizes":[]},"_margin_tablet":{"unit":"px","top":"0","right":"0","bottom":"-135","left":"-50","isLinked":false},"_animation":"fadeInRight","_animation_delay":600},"elements":[],"isInner":false,"widgetType":"heading","elType":"widget"},{"id":"769bdf4","settings":{"title":"Albums","header_size":"h6","title_color":"#60D7A9","typography_typography":"custom","typography_font_weight":"400","typography_text_transform":"uppercase","typography_letter_spacing":{"unit":"px","size":10,"sizes":[]},"typography_letter_spacing_mobile":{"unit":"px","size":3,"sizes":[]}},"elements":[],"isInner":false,"widgetType":"heading","elType":"widget"},{"id":"2126bbd4","settings":{"title":"Choose A Package\u200b","typography_typography":"custom","typography_letter_spacing":{"unit":"px","size":10,"sizes":[]},"typography_font_size_tablet":{"unit":"px","size":40,"sizes":[]},"typography_font_size_mobile":{"unit":"px","size":32,"sizes":[]},"typography_letter_spacing_tablet":{"unit":"px","size":2,"sizes":[]}},"elements":[],"isInner":false,"widgetType":"heading","elType":"widget"}],"isInner":true,"elType":"column"}],"isInner":true,"elType":"section"},{"id":"739bb408","settings":{"structure":"30","padding":{"unit":"px","top":"35","right":"0","bottom":"0","left":"0","isLinked":false}},"elements":[{"id":"7c8fd571","settings":{"_column_size":33,"_inline_size":null,"background_background":"classic","border_border":"solid","border_width":{"unit":"px","top":"0","right":"0","bottom":"0","left":"0","isLinked":true},"border_color":"#000000","box_shadow_box_shadow_type":"yes","box_shadow_box_shadow":{"horizontal":0,"vertical":10,"blur":30,"spread":-15,"color":"rgba(0, 0, 0, 0.3)"},"margin":{"unit":"px","top":"20","right":"20","bottom":"20","left":"20","isLinked":true},"padding":{"unit":"px","top":"0","right":"0","bottom":"0","left":"0","isLinked":true},"animation":"fadeInLeft","animation_delay":300},"elements":[{"id":"7042b3dd","settings":{"title":"Simple","header_size":"h3","align":"center","title_color":"#FFFFFF","typography_typography":"custom","typography_text_transform":"uppercase","typography_letter_spacing":{"unit":"px","size":3,"sizes":[]},"_padding":{"unit":"px","top":"25","right":"15","bottom":"25","left":"15","isLinked":false},"_background_background":"classic","_background_color":"#474D56"},"elements":[],"isInner":false,"widgetType":"heading","elType":"widget"},{"id":"2a82314c","settings":[],"elements":[{"id":"229338b2","settings":{"_column_size":100,"_inline_size":null,"padding":{"unit":"px","top":"15","right":"15","bottom":"15","left":"15","isLinked":true}},"elements":[{"id":"36497f6f","settings":{"editor":"<p>$100 Only<\/p><p>Albums 1-4<\/p><p>Cover with Autograph<\/p><p>Bonus track<\/p><p><del>Fun sticker<\/del><\/p><p><del>50% Discount for any show<\/del><\/p><p><del>Cup with my photo<\/del><\/p><p><del>Something special<\/del><\/p>","align":"center","typography_typography":"custom","_margin":{"unit":"px","top":"25","right":"0","bottom":"25","left":"0","isLinked":false}},"elements":[],"isInner":false,"widgetType":"text-editor","elType":"widget"},{"id":"5d543264","settings":{"text":"Book Now","align":"center","icon_indent":{"unit":"px","size":0,"sizes":[]},"typography_typography":"custom","typography_font_size":{"unit":"px","size":18,"sizes":[]},"typography_text_transform":"uppercase","typography_letter_spacing":{"unit":"px","size":3,"sizes":[]},"background_color":"#474D56","border_radius":{"unit":"px","top":"25","right":"25","bottom":"25","left":"25","isLinked":true},"text_padding":{"unit":"px","top":"13","right":"40","bottom":"13","left":"40","isLinked":false},"_margin":{"unit":"px","top":"0","right":"0","bottom":"20","left":"0","isLinked":false},"link":{"url":"#contact-dection","is_external":"","nofollow":""}},"elements":[],"isInner":false,"widgetType":"button","elType":"widget"}],"isInner":true,"elType":"column"}],"isInner":true,"elType":"section"}],"isInner":true,"elType":"column"},{"id":"618bd310","settings":{"_column_size":33,"_inline_size":null,"background_background":"classic","border_border":"solid","border_width":{"unit":"px","top":"0","right":"0","bottom":"0","left":"0","isLinked":true},"border_color":"#000000","box_shadow_box_shadow_type":"yes","box_shadow_box_shadow":{"horizontal":0,"vertical":10,"blur":30,"spread":-15,"color":"rgba(0, 0, 0, 0.3)"},"margin":{"unit":"px","top":"20","right":"20","bottom":"20","left":"20","isLinked":true},"padding":{"unit":"px","top":"0","right":"0","bottom":"0","left":"0","isLinked":true},"animation":"fadeInUp","animation_duration":"slow","animation_delay":300},"elements":[{"id":"17cd3941","settings":{"title":"premium","header_size":"h3","align":"center","title_color":"#FFFFFF","typography_typography":"custom","typography_text_transform":"uppercase","typography_letter_spacing":{"unit":"px","size":3,"sizes":[]},"_padding":{"unit":"px","top":"25","right":"15","bottom":"25","left":"15","isLinked":false},"_background_background":"classic","_background_color":"#60D7A9"},"elements":[],"isInner":false,"widgetType":"heading","elType":"widget"},{"id":"4c746fa1","settings":[],"elements":[{"id":"64218c87","settings":{"_column_size":100,"_inline_size":null,"padding":{"unit":"px","top":"15","right":"15","bottom":"15","left":"15","isLinked":true}},"elements":[{"id":"2d2245f0","settings":{"editor":"<p>$300 Only<\/p><p>Albums 5-9<\/p><p>Cover with Autograph<\/p><p>Bonus track<\/p><p>Fun sticker<\/p><p>50% Discount for any show<\/p><p><del>Cup with my photo<\/del><\/p><p><del>Something special<\/del><\/p>","align":"center","typography_typography":"custom","_margin":{"unit":"px","top":"25","right":"0","bottom":"25","left":"0","isLinked":false}},"elements":[],"isInner":false,"widgetType":"text-editor","elType":"widget"},{"id":"81001a9","settings":{"text":"Book Now","align":"center","icon_indent":{"unit":"px","size":0,"sizes":[]},"typography_typography":"custom","typography_font_size":{"unit":"px","size":18,"sizes":[]},"typography_text_transform":"uppercase","typography_letter_spacing":{"unit":"px","size":3,"sizes":[]},"background_color":"#60D7A9","border_radius":{"unit":"px","top":"25","right":"25","bottom":"25","left":"25","isLinked":true},"text_padding":{"unit":"px","top":"13","right":"40","bottom":"13","left":"40","isLinked":false},"_margin":{"unit":"px","top":"0","right":"0","bottom":"20","left":"0","isLinked":false},"link":{"url":"#contact-dection","is_external":"","nofollow":""}},"elements":[],"isInner":false,"widgetType":"button","elType":"widget"}],"isInner":true,"elType":"column"}],"isInner":true,"elType":"section"}],"isInner":true,"elType":"column"},{"id":"2d1540ce","settings":{"_column_size":33,"_inline_size":null,"background_background":"classic","border_border":"solid","border_width":{"unit":"px","top":"0","right":"0","bottom":"0","left":"0","isLinked":true},"border_color":"#000000","box_shadow_box_shadow_type":"yes","box_shadow_box_shadow":{"horizontal":0,"vertical":10,"blur":30,"spread":-15,"color":"rgba(0, 0, 0, 0.3)"},"margin":{"unit":"px","top":"20","right":"20","bottom":"20","left":"20","isLinked":true},"padding":{"unit":"px","top":"0","right":"0","bottom":"0","left":"0","isLinked":true},"animation":"fadeInRight","animation_delay":300},"elements":[{"id":"4e8592d8","settings":{"title":"gold","header_size":"h3","align":"center","title_color":"#FFFFFF","typography_typography":"custom","typography_text_transform":"uppercase","typography_letter_spacing":{"unit":"px","size":3,"sizes":[]},"_padding":{"unit":"px","top":"25","right":"15","bottom":"25","left":"15","isLinked":false},"_background_background":"classic","_background_color":"#474D56"},"elements":[],"isInner":false,"widgetType":"heading","elType":"widget"},{"id":"3672b426","settings":[],"elements":[{"id":"1a091236","settings":{"_column_size":100,"_inline_size":null,"padding":{"unit":"px","top":"15","right":"15","bottom":"15","left":"15","isLinked":true}},"elements":[{"id":"10f2f3ad","settings":{"editor":"<p>$500 Only<\/p><p>Albums 10-20<\/p><p>Cover with Autograph<\/p><p>Bonus track<\/p><p>Fun sticker<\/p><p>50% Discount for any show<\/p><p>Cup with my photo<\/p><p>Something special<\/p>","align":"center","typography_typography":"custom","_margin":{"unit":"px","top":"25","right":"0","bottom":"25","left":"0","isLinked":false}},"elements":[],"isInner":false,"widgetType":"text-editor","elType":"widget"},{"id":"73fbdb51","settings":{"text":"Book Now","align":"center","icon_indent":{"unit":"px","size":0,"sizes":[]},"typography_typography":"custom","typography_font_size":{"unit":"px","size":18,"sizes":[]},"typography_text_transform":"uppercase","typography_letter_spacing":{"unit":"px","size":3,"sizes":[]},"background_color":"#474D56","border_radius":{"unit":"px","top":"25","right":"25","bottom":"25","left":"25","isLinked":true},"text_padding":{"unit":"px","top":"13","right":"40","bottom":"13","left":"40","isLinked":false},"_margin":{"unit":"px","top":"0","right":"0","bottom":"20","left":"0","isLinked":false},"link":{"url":"#contact-dection","is_external":"","nofollow":""}},"elements":[],"isInner":false,"widgetType":"button","elType":"widget"}],"isInner":true,"elType":"column"}],"isInner":true,"elType":"section"}],"isInner":true,"elType":"column"}],"isInner":true,"elType":"section"}],"isInner":false,"elType":"column"}],"isInner":false,"elType":"section"}]}