{"version":"0.4","title":"JFD Corporate &#8211; CONTACT","type":"page","content":[{"id":"6c0fc585","settings":[],"elements":[{"id":"66a3dc94","settings":{"_column_size":100,"_inline_size":null},"elements":[],"isInner":false,"elType":"column"}],"isInner":false,"elType":"section"},{"id":"2170249e","settings":{"stretch_section":"section-stretched","height":"min-height","custom_height":{"unit":"vh","size":40,"sizes":[]},"background_background":"classic","background_color":"#030434","background_color_b":"#0C1A54","background_gradient_angle":{"unit":"deg","size":150,"sizes":[]},"padding":{"unit":"px","top":"50","right":"0","bottom":"50","left":"0","isLinked":false},"background_image":{"url":"http:\/\/jimfahad.com\/myProjects\/Wordpress\/LPE\/JFDCorporate-1\/wp-content\/uploads\/2020\/03\/bp-1.jpg","id":77},"background_overlay_background":"gradient","background_overlay_color":"#030434","background_overlay_color_b":"#0C1A54","background_overlay_gradient_angle":{"unit":"deg","size":100,"sizes":[]},"background_overlay_opacity":{"unit":"px","size":0.59999999999999997779553950749686919152736663818359375,"sizes":[]},"background_position":"center center","background_repeat":"no-repeat","background_size":"cover","custom_height_tablet":{"unit":"vw","size":40,"sizes":[]},"custom_height_mobile":{"unit":"vh","size":40,"sizes":[]}},"elements":[{"id":"61c7c2e1","settings":{"_column_size":100,"_inline_size":null,"padding_tablet":{"unit":"px","top":"15","right":"15","bottom":"15","left":"15","isLinked":true}},"elements":[{"id":"6acf12f6","settings":{"title":"Contact Us","header_size":"h6","align":"left","title_color":"#F25D6C","typography_typography":"custom","typography_font_weight":"400","typography_text_transform":"uppercase","typography_letter_spacing":{"unit":"px","size":2,"sizes":[]}},"elements":[],"isInner":false,"widgetType":"heading","elType":"widget"},{"id":"49cff937","settings":{"title":"Stay In Touch","title_color":"#FFFFFF","typography_typography":"custom","typography_font_size":{"unit":"px","size":60,"sizes":[]},"typography_font_weight":"800","typography_line_height":{"unit":"em","size":0.8000000000000000444089209850062616169452667236328125,"sizes":[]},"typography_letter_spacing":{"unit":"px","size":1.5,"sizes":[]},"_margin":{"unit":"px","top":"0","right":"0","bottom":"0","left":"0","isLinked":true},"align":"left","align_mobile":"left","typography_font_size_mobile":{"unit":"px","size":28,"sizes":[]},"typography_line_height_mobile":{"unit":"em","size":1,"sizes":[]},"_animation":"fadeInLeft"},"elements":[],"isInner":false,"widgetType":"heading","elType":"widget"},{"id":"5eefdc52","settings":{"title":"With Us","title_color":"#FFFFFF","typography_typography":"custom","typography_font_size":{"unit":"px","size":60,"sizes":[]},"typography_font_weight":"200","typography_line_height":{"unit":"em","size":0.8000000000000000444089209850062616169452667236328125,"sizes":[]},"typography_letter_spacing":{"unit":"px","size":1.5,"sizes":[]},"_margin":{"unit":"px","top":"0","right":"0","bottom":"0","left":"0","isLinked":true},"align":"left","align_mobile":"left","typography_font_size_mobile":{"unit":"px","size":36,"sizes":[]},"typography_line_height_mobile":{"unit":"em","size":1,"sizes":[]},"_margin_mobile":{"unit":"px","top":"-10","right":"0","bottom":"0","left":"0","isLinked":false},"_animation":"fadeInRight","animation_duration":"slow"},"elements":[],"isInner":false,"widgetType":"heading","elType":"widget"}],"isInner":false,"elType":"column"}],"isInner":false,"elType":"section"},{"id":"4fd3742f","settings":{"stretch_section":"section-stretched","structure":"30","padding":{"unit":"px","top":"50","right":"0","bottom":"50","left":"0","isLinked":false}},"elements":[{"id":"6888bde5","settings":{"_column_size":33,"_inline_size":null,"animation":"fadeInLeft"},"elements":[{"id":"19bf0a28","settings":{"selected_icon":{"value":"fas fa-home","library":"fa-solid"},"title_text":"Address ","description_text":"Patricia C. Amedee 4401 Waldeck Street Grapevine Nashville, Tx 76051","primary_color":"#FFFFFF","icon_size":{"unit":"px","size":60,"sizes":[]},"text_align":"center","title_bottom_space":{"unit":"px","size":5,"sizes":[]},"title_typography_typography":"custom","title_typography_font_size":{"unit":"px","size":24,"sizes":[]},"title_typography_font_weight":"300","description_typography_typography":"custom","description_typography_font_size":{"unit":"px","size":14,"sizes":[]},"_margin":{"unit":"px","top":"15","right":"15","bottom":"15","left":"15","isLinked":true},"_padding":{"unit":"px","top":"15","right":"15","bottom":"15","left":"15","isLinked":true},"_border_radius":{"unit":"px","top":"15","right":"15","bottom":"15","left":"15","isLinked":true},"_box_shadow_box_shadow_type":"yes","_box_shadow_box_shadow":{"horizontal":7,"vertical":0,"blur":70,"spread":0,"color":"rgba(0, 0, 0, 0.1)"},"title_color":"#FFFFFF","description_color":"#FAFAFA","_background_background":"gradient","_background_color":"#F2275A","_background_color_b":"#0C1A54","_background_color_b_stop":{"unit":"%","size":87,"sizes":[]},"_background_gradient_angle":{"unit":"deg","size":330,"sizes":[]}},"elements":[],"isInner":false,"widgetType":"icon-box","elType":"widget"}],"isInner":false,"elType":"column"},{"id":"67205d57","settings":{"_column_size":33,"_inline_size":null,"animation":"zoomIn"},"elements":[{"id":"565842a7","settings":{"selected_icon":{"value":"fas fa-headset","library":"fa-solid"},"title_text":"Support 24\/7","description_text":"While the lovely valley teems with vapour around me.","primary_color":"#FFFFFF","icon_size":{"unit":"px","size":60,"sizes":[]},"text_align":"center","title_bottom_space":{"unit":"px","size":5,"sizes":[]},"title_typography_typography":"custom","title_typography_font_size":{"unit":"px","size":24,"sizes":[]},"title_typography_font_weight":"300","description_typography_typography":"custom","description_typography_font_size":{"unit":"px","size":14,"sizes":[]},"_margin":{"unit":"px","top":"15","right":"15","bottom":"15","left":"15","isLinked":true},"_padding":{"unit":"px","top":"15","right":"15","bottom":"15","left":"15","isLinked":true},"_border_radius":{"unit":"px","top":"15","right":"15","bottom":"15","left":"15","isLinked":true},"_box_shadow_box_shadow_type":"yes","_box_shadow_box_shadow":{"horizontal":7,"vertical":0,"blur":70,"spread":0,"color":"rgba(0, 0, 0, 0.1)"},"title_color":"#FFFFFF","description_color":"#FAFAFA","_background_background":"gradient","_background_color":"#F2275A","_background_color_b":"#0C1A54","_background_gradient_angle":{"unit":"deg","size":330,"sizes":[]},"_background_color_b_stop":{"unit":"%","size":87,"sizes":[]}},"elements":[],"isInner":false,"widgetType":"icon-box","elType":"widget"}],"isInner":false,"elType":"column"},{"id":"59c3b046","settings":{"_column_size":33,"_inline_size":null,"animation":"fadeInRight"},"elements":[{"id":"69a7f298","settings":{"selected_icon":{"value":"fas fa-phone-alt","library":"fa-solid"},"title_text":"Email or Phone","description_text":"Mail : info@jimfahaddigital.com\n<br>Phone : ++008801737657007","primary_color":"#FFFFFF","icon_size":{"unit":"px","size":60,"sizes":[]},"text_align":"center","title_bottom_space":{"unit":"px","size":5,"sizes":[]},"title_typography_typography":"custom","title_typography_font_size":{"unit":"px","size":24,"sizes":[]},"title_typography_font_weight":"300","description_typography_typography":"custom","description_typography_font_size":{"unit":"px","size":14,"sizes":[]},"_margin":{"unit":"px","top":"15","right":"15","bottom":"15","left":"15","isLinked":true},"_padding":{"unit":"px","top":"15","right":"15","bottom":"15","left":"15","isLinked":true},"_border_radius":{"unit":"px","top":"15","right":"15","bottom":"15","left":"15","isLinked":true},"_box_shadow_box_shadow_type":"yes","_box_shadow_box_shadow":{"horizontal":7,"vertical":0,"blur":70,"spread":0,"color":"rgba(0, 0, 0, 0.1)"},"title_color":"#FFFFFF","description_color":"#FAFAFA","_background_background":"gradient","_background_color":"#F2275A","_background_color_b":"#0C1A54","_background_color_b_stop":{"unit":"%","size":87,"sizes":[]},"_background_gradient_angle":{"unit":"deg","size":330,"sizes":[]}},"elements":[],"isInner":false,"widgetType":"icon-box","elType":"widget"}],"isInner":false,"elType":"column"}],"isInner":false,"elType":"section"},{"id":"36793952","settings":{"stretch_section":"section-stretched","background_background":"classic","background_image":{"url":"http:\/\/jimfahad.com\/myProjects\/Wordpress\/LPE\/JFDCorporate-1\/wp-content\/uploads\/2020\/03\/img-3.jpg","id":236},"background_position":"center center","background_position_tablet":"center right","background_repeat":"no-repeat","background_size":"cover","background_overlay_background":"classic","background_overlay_color":"#FFFFFF","background_overlay_opacity":{"unit":"px","size":0.63000000000000000444089209850062616169452667236328125,"sizes":[]},"padding":{"unit":"px","top":"100","right":"0","bottom":"100","left":"0","isLinked":false},"padding_mobile":{"unit":"px","top":"30","right":"0","bottom":"30","left":"0","isLinked":false}},"elements":[{"id":"30000401","settings":{"_column_size":100,"_inline_size":null},"elements":[{"id":"289460d3","settings":{"structure":"20"},"elements":[{"id":"6294d961","settings":{"_column_size":50,"_inline_size":null,"animation":"fadeInUp"},"elements":[{"id":"799dafb4","settings":{"_padding":{"unit":"px","top":"20","right":"20","bottom":"20","left":"20","isLinked":true},"_background_background":"classic","_background_color":"#FFFFFF","_border_radius":{"unit":"px","top":"15","right":"15","bottom":"15","left":"15","isLinked":true},"_box_shadow_box_shadow_type":"yes","_box_shadow_box_shadow":{"horizontal":7,"vertical":0,"blur":70,"spread":0,"color":"rgba(0, 0, 0, 0.105)"}},"elements":[],"isInner":false,"widgetType":"aux_contact_form","elType":"widget"}],"isInner":true,"elType":"column"},{"id":"7498383c","settings":{"_column_size":50,"_inline_size":null},"elements":[],"isInner":true,"elType":"column"}],"isInner":true,"elType":"section"}],"isInner":false,"elType":"column"}],"isInner":false,"elType":"section"},{"id":"7f80dae0","settings":{"stretch_section":"section-stretched","layout":"full_width","gap":"no"},"elements":[{"id":"7a8173ae","settings":{"_column_size":100,"_inline_size":null},"elements":[{"id":"656657d","settings":{"address":"London Eye, London, United Kingdom","zoom":{"unit":"px","size":14,"sizes":[]},"height":{"unit":"px","size":400,"sizes":[]},"css_filters_css_filter":"custom","css_filters_saturate":{"unit":"px","size":23,"sizes":[]},"css_filters_hue":{"unit":"px","size":360,"sizes":[]},"css_filters_hover_css_filter":"custom","_margin":{"unit":"px","top":"0","right":"0","bottom":"-16","left":"0","isLinked":false}},"elements":[],"isInner":false,"widgetType":"google_maps","elType":"widget"}],"isInner":false,"elType":"column"}],"isInner":false,"elType":"section"}]}