{"version":"0.4","title":"JFD Corporate &#8211; PORTFOLIO","type":"page","content":[{"id":"73c7da1","settings":{"stretch_section":"section-stretched","height":"min-height","custom_height":{"unit":"vh","size":40,"sizes":[]},"background_background":"classic","background_color":"#030434","background_color_b":"#0C1A54","background_gradient_angle":{"unit":"deg","size":150,"sizes":[]},"padding":{"unit":"px","top":"50","right":"0","bottom":"50","left":"0","isLinked":false},"background_image":{"url":"http:\/\/jimfahad.com\/myProjects\/Wordpress\/LPE\/JFDCorporate-1\/wp-content\/uploads\/2020\/03\/bg-2-1.jpg","id":131},"background_overlay_background":"gradient","background_overlay_color":"#030434","background_overlay_color_b":"#0C1A54","background_overlay_gradient_angle":{"unit":"deg","size":100,"sizes":[]},"background_overlay_opacity":{"unit":"px","size":0.59999999999999997779553950749686919152736663818359375,"sizes":[]},"background_position":"bottom center","background_repeat":"no-repeat","background_size":"cover","custom_height_tablet":{"unit":"vw","size":40,"sizes":[]},"custom_height_mobile":{"unit":"vh","size":40,"sizes":[]}},"elements":[{"id":"74a37a14","settings":{"_column_size":100,"_inline_size":null,"padding_tablet":{"unit":"px","top":"15","right":"15","bottom":"15","left":"15","isLinked":true}},"elements":[{"id":"7f57a7f5","settings":{"title":"Portfolio","header_size":"h6","align":"left","title_color":"#F25D6C","typography_typography":"custom","typography_font_weight":"400","typography_text_transform":"uppercase","typography_letter_spacing":{"unit":"px","size":2,"sizes":[]}},"elements":[],"isInner":false,"widgetType":"heading","elType":"widget"},{"id":"5c53495f","settings":{"title":"Our Work\n","title_color":"#FFFFFF","typography_typography":"custom","typography_font_size":{"unit":"px","size":60,"sizes":[]},"typography_font_weight":"800","typography_line_height":{"unit":"em","size":0.8000000000000000444089209850062616169452667236328125,"sizes":[]},"typography_letter_spacing":{"unit":"px","size":1.5,"sizes":[]},"_margin":{"unit":"px","top":"0","right":"0","bottom":"0","left":"0","isLinked":true},"align":"left","align_mobile":"left","typography_font_size_mobile":{"unit":"px","size":28,"sizes":[]},"typography_line_height_mobile":{"unit":"em","size":1,"sizes":[]},"_animation":"fadeInLeft"},"elements":[],"isInner":false,"widgetType":"heading","elType":"widget"},{"id":"7775b174","settings":{"title":"With Our Strategy","title_color":"#FFFFFF","typography_typography":"custom","typography_font_size":{"unit":"px","size":60,"sizes":[]},"typography_font_weight":"200","typography_line_height":{"unit":"em","size":0.8000000000000000444089209850062616169452667236328125,"sizes":[]},"typography_letter_spacing":{"unit":"px","size":1.5,"sizes":[]},"_margin":{"unit":"px","top":"0","right":"0","bottom":"0","left":"0","isLinked":true},"align":"left","align_mobile":"left","typography_font_size_mobile":{"unit":"px","size":36,"sizes":[]},"typography_line_height_mobile":{"unit":"em","size":1,"sizes":[]},"_margin_mobile":{"unit":"px","top":"-10","right":"0","bottom":"0","left":"0","isLinked":false},"_animation":"fadeInRight","animation_duration":"slow"},"elements":[],"isInner":false,"widgetType":"heading","elType":"widget"}],"isInner":false,"elType":"column"}],"isInner":false,"elType":"section"},{"id":"3f9a029a","settings":{"stretch_section":"section-stretched","padding":{"unit":"px","top":"100","right":"0","bottom":"100","left":"0","isLinked":false},"background_background":"classic","padding_mobile":{"unit":"px","top":"50","right":"0","bottom":"50","left":"0","isLinked":false}},"elements":[{"id":"5440b0bf","settings":{"_column_size":100,"_inline_size":null},"elements":[{"id":"5afbd86","settings":{"title":"Portfolio","header_size":"h6","align":"center","title_color":"#F25D6C","typography_typography":"custom","typography_font_weight":"400","typography_text_transform":"uppercase","typography_letter_spacing":{"unit":"px","size":2,"sizes":[]}},"elements":[],"isInner":false,"widgetType":"heading","elType":"widget"},{"id":"5b42be1d","settings":{"title":"<b>Latest<\/b> <i>Work<\/i>","align":"center","typography_typography":"custom","typography_font_size":{"unit":"px","size":50,"sizes":[]},"typography_font_size_mobile":{"unit":"px","size":36,"sizes":[]},"typography_font_weight":"200","typography_line_height":{"unit":"em","size":1,"sizes":[]},"_margin":{"unit":"px","top":"0","right":"0","bottom":"0","left":"0","isLinked":true},"_margin_mobile":{"unit":"px","top":"-10","right":"0","bottom":"0","left":"0","isLinked":false}},"elements":[],"isInner":false,"widgetType":"heading","elType":"widget"},{"id":"4954826f","settings":{"structure":"30","animation":"zoomIn"},"elements":[{"id":"10c8bd03","settings":{"_column_size":33,"_inline_size":null,"border_radius":{"unit":"px","top":"15","right":"15","bottom":"15","left":"15","isLinked":true},"box_shadow_box_shadow_type":"yes","box_shadow_box_shadow":{"horizontal":7,"vertical":0,"blur":70,"spread":0,"color":"rgba(0, 0, 0, 0.1)"},"box_shadow_hover_box_shadow_type":"yes","box_shadow_hover_box_shadow":{"horizontal":7,"vertical":0,"blur":70,"spread":0,"color":"rgba(0, 0, 0, 0.2)"},"margin":{"unit":"px","top":"15","right":"20","bottom":"15","left":"0","isLinked":false},"padding":{"unit":"px","top":"0","right":"0","bottom":"20","left":"0","isLinked":false},"_inline_size_tablet":50,"margin_mobile":{"unit":"px","top":"15","right":"10","bottom":"15","left":"10","isLinked":false}},"elements":[{"id":"2249ec32","settings":{"image":{"url":"http:\/\/jimfahad.com\/myProjects\/Wordpress\/LPE\/JFDCorporate-1\/wp-content\/uploads\/2020\/03\/84316050-0af0-49db-a53a-241d47ddad0e-2-607x455-1.jpg","id":57},"image_size":"full","display_hover":"yes","ribbon_text":"NEW","lightbox":"yes","preloadable":"yes","preload_preview":"simple-spinner-dark","tilt":"","image_border_radius":{"unit":"px","top":"15","right":"15","bottom":"15","left":"15","isLinked":true},"image_custom_dimension":{"width":"","height":"300"}},"elements":[],"isInner":false,"widgetType":"aux_image","elType":"widget"},{"id":"2826cbd9","settings":{"title":" Purinky Products ","header_size":"h4","align":"center","typography_typography":"custom","typography_font_weight":"700"},"elements":[],"isInner":false,"widgetType":"heading","elType":"widget"}],"isInner":true,"elType":"column"},{"id":"6583ee28","settings":{"_column_size":33,"_inline_size":null,"border_radius":{"unit":"px","top":"15","right":"15","bottom":"15","left":"15","isLinked":true},"box_shadow_box_shadow_type":"yes","box_shadow_box_shadow":{"horizontal":7,"vertical":0,"blur":70,"spread":0,"color":"rgba(0, 0, 0, 0.1)"},"box_shadow_hover_box_shadow_type":"yes","box_shadow_hover_box_shadow":{"horizontal":7,"vertical":0,"blur":70,"spread":0,"color":"rgba(0, 0, 0, 0.2)"},"margin":{"unit":"px","top":"15","right":"20","bottom":"15","left":"0","isLinked":false},"padding":{"unit":"px","top":"0","right":"0","bottom":"20","left":"0","isLinked":false},"_inline_size_tablet":50,"margin_mobile":{"unit":"px","top":"15","right":"10","bottom":"15","left":"10","isLinked":false},"hide_tablet":"hidden-tablet"},"elements":[{"id":"4c45ace","settings":{"image":{"url":"http:\/\/jimfahad.com\/myProjects\/Wordpress\/LPE\/JFDCorporate-1\/wp-content\/uploads\/2020\/03\/a247b00b-3621-470f-b4b8-b3ac46f25907-1-607x455-1.jpg","id":58},"image_size":"full","display_hover":"yes","ribbon_text":"NEW","lightbox":"yes","preloadable":"yes","preload_preview":"simple-spinner-dark","tilt":"","image_border_radius":{"unit":"px","top":"15","right":"15","bottom":"15","left":"15","isLinked":true}},"elements":[],"isInner":false,"widgetType":"aux_image","elType":"widget"},{"id":"2c83da84","settings":{"title":" Purinky Products ","header_size":"h4","align":"center","typography_typography":"custom","typography_font_weight":"700"},"elements":[],"isInner":false,"widgetType":"heading","elType":"widget"}],"isInner":true,"elType":"column"},{"id":"7bfe20e8","settings":{"_column_size":33,"_inline_size":null,"border_radius":{"unit":"px","top":"15","right":"15","bottom":"15","left":"15","isLinked":true},"box_shadow_box_shadow_type":"yes","box_shadow_box_shadow":{"horizontal":7,"vertical":0,"blur":70,"spread":0,"color":"rgba(0, 0, 0, 0.1)"},"box_shadow_hover_box_shadow_type":"yes","box_shadow_hover_box_shadow":{"horizontal":7,"vertical":0,"blur":70,"spread":0,"color":"rgba(0, 0, 0, 0.2)"},"margin":{"unit":"px","top":"15","right":"20","bottom":"15","left":"0","isLinked":false},"padding":{"unit":"px","top":"0","right":"0","bottom":"20","left":"0","isLinked":false},"_inline_size_tablet":50,"margin_mobile":{"unit":"px","top":"15","right":"10","bottom":"15","left":"10","isLinked":false}},"elements":[{"id":"136f6a4b","settings":{"image":{"url":"http:\/\/jimfahad.com\/myProjects\/Wordpress\/LPE\/JFDCorporate-1\/wp-content\/uploads\/2020\/03\/DRY-1-607x455-1.jpg","id":59},"image_size":"full","display_hover":"yes","ribbon_text":"NEW","lightbox":"yes","preloadable":"yes","preload_preview":"simple-spinner-dark","tilt":"","image_border_radius":{"unit":"px","top":"15","right":"15","bottom":"15","left":"15","isLinked":true}},"elements":[],"isInner":false,"widgetType":"aux_image","elType":"widget"},{"id":"d08f8d4","settings":{"title":" Purinky Products ","header_size":"h4","align":"center","typography_typography":"custom","typography_font_weight":"700"},"elements":[],"isInner":false,"widgetType":"heading","elType":"widget"}],"isInner":true,"elType":"column"}],"isInner":true,"elType":"section"},{"id":"cfab945","settings":{"structure":"30","animation":"zoomIn"},"elements":[{"id":"3992ec82","settings":{"_column_size":33,"_inline_size":null,"border_radius":{"unit":"px","top":"15","right":"15","bottom":"15","left":"15","isLinked":true},"box_shadow_box_shadow_type":"yes","box_shadow_box_shadow":{"horizontal":7,"vertical":0,"blur":70,"spread":0,"color":"rgba(0, 0, 0, 0.1)"},"box_shadow_hover_box_shadow_type":"yes","box_shadow_hover_box_shadow":{"horizontal":7,"vertical":0,"blur":70,"spread":0,"color":"rgba(0, 0, 0, 0.2)"},"margin":{"unit":"px","top":"15","right":"20","bottom":"15","left":"0","isLinked":false},"padding":{"unit":"px","top":"0","right":"0","bottom":"20","left":"0","isLinked":false},"_inline_size_tablet":50,"margin_mobile":{"unit":"px","top":"15","right":"10","bottom":"15","left":"10","isLinked":false}},"elements":[{"id":"3befbd32","settings":{"image":{"url":"http:\/\/jimfahad.com\/myProjects\/Wordpress\/LPE\/JFDCorporate-1\/wp-content\/uploads\/2020\/03\/autj64sh-1-567x425-1.jpg","id":216},"image_size":"full","display_hover":"yes","ribbon_text":"NEW","lightbox":"yes","preloadable":"yes","preload_preview":"simple-spinner-dark","tilt":"","image_border_radius":{"unit":"px","top":"15","right":"15","bottom":"15","left":"15","isLinked":true}},"elements":[],"isInner":false,"widgetType":"aux_image","elType":"widget"},{"id":"e1d6311","settings":{"title":" Purinky Products ","header_size":"h4","align":"center","typography_typography":"custom","typography_font_weight":"700"},"elements":[],"isInner":false,"widgetType":"heading","elType":"widget"}],"isInner":true,"elType":"column"},{"id":"4283c0ac","settings":{"_column_size":33,"_inline_size":null,"border_radius":{"unit":"px","top":"15","right":"15","bottom":"15","left":"15","isLinked":true},"box_shadow_box_shadow_type":"yes","box_shadow_box_shadow":{"horizontal":7,"vertical":0,"blur":70,"spread":0,"color":"rgba(0, 0, 0, 0.1)"},"box_shadow_hover_box_shadow_type":"yes","box_shadow_hover_box_shadow":{"horizontal":7,"vertical":0,"blur":70,"spread":0,"color":"rgba(0, 0, 0, 0.2)"},"margin":{"unit":"px","top":"15","right":"20","bottom":"15","left":"0","isLinked":false},"padding":{"unit":"px","top":"0","right":"0","bottom":"20","left":"0","isLinked":false},"_inline_size_tablet":50,"margin_mobile":{"unit":"px","top":"15","right":"10","bottom":"15","left":"10","isLinked":false},"hide_tablet":"hidden-tablet"},"elements":[{"id":"6cad1774","settings":{"image":{"url":"http:\/\/jimfahad.com\/myProjects\/Wordpress\/LPE\/JFDCorporate-1\/wp-content\/uploads\/2020\/03\/pic14-1-567x425-1.jpg","id":217},"image_size":"full","display_hover":"yes","ribbon_text":"NEW","lightbox":"yes","preloadable":"yes","preload_preview":"simple-spinner-dark","tilt":"","image_border_radius":{"unit":"px","top":"15","right":"15","bottom":"15","left":"15","isLinked":true}},"elements":[],"isInner":false,"widgetType":"aux_image","elType":"widget"},{"id":"1a534569","settings":{"title":" Purinky Products ","header_size":"h4","align":"center","typography_typography":"custom","typography_font_weight":"700"},"elements":[],"isInner":false,"widgetType":"heading","elType":"widget"}],"isInner":true,"elType":"column"},{"id":"7b899b91","settings":{"_column_size":33,"_inline_size":null,"border_radius":{"unit":"px","top":"15","right":"15","bottom":"15","left":"15","isLinked":true},"box_shadow_box_shadow_type":"yes","box_shadow_box_shadow":{"horizontal":7,"vertical":0,"blur":70,"spread":0,"color":"rgba(0, 0, 0, 0.1)"},"box_shadow_hover_box_shadow_type":"yes","box_shadow_hover_box_shadow":{"horizontal":7,"vertical":0,"blur":70,"spread":0,"color":"rgba(0, 0, 0, 0.2)"},"margin":{"unit":"px","top":"15","right":"20","bottom":"15","left":"0","isLinked":false},"padding":{"unit":"px","top":"0","right":"0","bottom":"20","left":"0","isLinked":false},"_inline_size_tablet":50,"margin_mobile":{"unit":"px","top":"15","right":"10","bottom":"15","left":"10","isLinked":false}},"elements":[{"id":"44bf2aa8","settings":{"image":{"url":"http:\/\/jimfahad.com\/myProjects\/Wordpress\/LPE\/JFDCorporate-1\/wp-content\/uploads\/2020\/03\/8wa60okr-1-607x455-1.jpg","id":51},"image_size":"full","display_hover":"yes","ribbon_text":"NEW","lightbox":"yes","preloadable":"yes","preload_preview":"simple-spinner-dark","tilt":"","image_border_radius":{"unit":"px","top":"15","right":"15","bottom":"15","left":"15","isLinked":true}},"elements":[],"isInner":false,"widgetType":"aux_image","elType":"widget"},{"id":"13fc286d","settings":{"title":" Purinky Products ","header_size":"h4","align":"center","typography_typography":"custom","typography_font_weight":"700"},"elements":[],"isInner":false,"widgetType":"heading","elType":"widget"}],"isInner":true,"elType":"column"}],"isInner":true,"elType":"section"},{"id":"39ec09ce","settings":{"structure":"30","animation":"zoomIn"},"elements":[{"id":"13611aac","settings":{"_column_size":33,"_inline_size":null,"border_radius":{"unit":"px","top":"15","right":"15","bottom":"15","left":"15","isLinked":true},"box_shadow_box_shadow_type":"yes","box_shadow_box_shadow":{"horizontal":7,"vertical":0,"blur":70,"spread":0,"color":"rgba(0, 0, 0, 0.1)"},"box_shadow_hover_box_shadow_type":"yes","box_shadow_hover_box_shadow":{"horizontal":7,"vertical":0,"blur":70,"spread":0,"color":"rgba(0, 0, 0, 0.2)"},"margin":{"unit":"px","top":"15","right":"20","bottom":"15","left":"0","isLinked":false},"padding":{"unit":"px","top":"0","right":"0","bottom":"20","left":"0","isLinked":false},"_inline_size_tablet":50,"margin_mobile":{"unit":"px","top":"15","right":"10","bottom":"15","left":"10","isLinked":false}},"elements":[{"id":"4f845c0d","settings":{"image":{"url":"http:\/\/jimfahad.com\/myProjects\/Wordpress\/LPE\/JFDCorporate-1\/wp-content\/uploads\/2020\/03\/z1el4c4p-1-567x425-1.jpg","id":218},"image_size":"full","display_hover":"yes","ribbon_text":"NEW","lightbox":"yes","preloadable":"yes","preload_preview":"simple-spinner-dark","tilt":"","image_border_radius":{"unit":"px","top":"15","right":"15","bottom":"15","left":"15","isLinked":true}},"elements":[],"isInner":false,"widgetType":"aux_image","elType":"widget"},{"id":"78e421f5","settings":{"title":" Purinky Products ","header_size":"h4","align":"center","typography_typography":"custom","typography_font_weight":"700"},"elements":[],"isInner":false,"widgetType":"heading","elType":"widget"}],"isInner":true,"elType":"column"},{"id":"7545592d","settings":{"_column_size":33,"_inline_size":null,"border_radius":{"unit":"px","top":"15","right":"15","bottom":"15","left":"15","isLinked":true},"box_shadow_box_shadow_type":"yes","box_shadow_box_shadow":{"horizontal":7,"vertical":0,"blur":70,"spread":0,"color":"rgba(0, 0, 0, 0.1)"},"box_shadow_hover_box_shadow_type":"yes","box_shadow_hover_box_shadow":{"horizontal":7,"vertical":0,"blur":70,"spread":0,"color":"rgba(0, 0, 0, 0.2)"},"margin":{"unit":"px","top":"15","right":"20","bottom":"15","left":"0","isLinked":false},"padding":{"unit":"px","top":"0","right":"0","bottom":"20","left":"0","isLinked":false},"_inline_size_tablet":50,"margin_mobile":{"unit":"px","top":"15","right":"10","bottom":"15","left":"10","isLinked":false},"hide_tablet":"hidden-tablet"},"elements":[{"id":"28221908","settings":{"image":{"url":"http:\/\/jimfahad.com\/myProjects\/Wordpress\/LPE\/JFDCorporate-1\/wp-content\/uploads\/2020\/03\/a247b00b-3621-470f-b4b8-b3ac46f25907-1-607x455-1.jpg","id":58},"image_size":"full","display_hover":"yes","ribbon_text":"NEW","lightbox":"yes","preloadable":"yes","preload_preview":"simple-spinner-dark","tilt":"","image_border_radius":{"unit":"px","top":"15","right":"15","bottom":"15","left":"15","isLinked":true}},"elements":[],"isInner":false,"widgetType":"aux_image","elType":"widget"},{"id":"5df86598","settings":{"title":" Purinky Products ","header_size":"h4","align":"center","typography_typography":"custom","typography_font_weight":"700"},"elements":[],"isInner":false,"widgetType":"heading","elType":"widget"}],"isInner":true,"elType":"column"},{"id":"55eb2ce4","settings":{"_column_size":33,"_inline_size":null,"border_radius":{"unit":"px","top":"15","right":"15","bottom":"15","left":"15","isLinked":true},"box_shadow_box_shadow_type":"yes","box_shadow_box_shadow":{"horizontal":7,"vertical":0,"blur":70,"spread":0,"color":"rgba(0, 0, 0, 0.1)"},"box_shadow_hover_box_shadow_type":"yes","box_shadow_hover_box_shadow":{"horizontal":7,"vertical":0,"blur":70,"spread":0,"color":"rgba(0, 0, 0, 0.2)"},"margin":{"unit":"px","top":"15","right":"20","bottom":"15","left":"0","isLinked":false},"padding":{"unit":"px","top":"0","right":"0","bottom":"20","left":"0","isLinked":false},"_inline_size_tablet":50,"margin_mobile":{"unit":"px","top":"15","right":"10","bottom":"15","left":"10","isLinked":false}},"elements":[{"id":"77bee074","settings":{"image":{"url":"http:\/\/jimfahad.com\/myProjects\/Wordpress\/LPE\/JFDCorporate-1\/wp-content\/uploads\/2020\/03\/Proposal-1-567x425-1.jpg","id":219},"image_size":"full","display_hover":"yes","ribbon_text":"NEW","lightbox":"yes","preloadable":"yes","preload_preview":"simple-spinner-dark","tilt":"","image_border_radius":{"unit":"px","top":"15","right":"15","bottom":"15","left":"15","isLinked":true}},"elements":[],"isInner":false,"widgetType":"aux_image","elType":"widget"},{"id":"71158dd2","settings":{"title":" Purinky Products ","header_size":"h4","align":"center","typography_typography":"custom","typography_font_weight":"700"},"elements":[],"isInner":false,"widgetType":"heading","elType":"widget"}],"isInner":true,"elType":"column"}],"isInner":true,"elType":"section"}],"isInner":false,"elType":"column"}],"isInner":false,"elType":"section"},{"id":"3dfee058","settings":{"stretch_section":"section-stretched","padding":{"unit":"px","top":"50","right":"0","bottom":"50","left":"0","isLinked":false},"animation":"zoomIn","animation_duration":"slow"},"elements":[{"id":"5937a2a0","settings":{"_column_size":100,"_inline_size":null},"elements":[{"id":"3dc0df66","settings":{"carousel":[{"id":113,"url":"http:\/\/jimfahad.com\/myProjects\/Wordpress\/LPE\/JFDCorporate-1\/wp-content\/uploads\/2020\/03\/client-1-1.png"},{"id":114,"url":"http:\/\/jimfahad.com\/myProjects\/Wordpress\/LPE\/JFDCorporate-1\/wp-content\/uploads\/2020\/03\/client-5.png"},{"id":116,"url":"http:\/\/jimfahad.com\/myProjects\/Wordpress\/LPE\/JFDCorporate-1\/wp-content\/uploads\/2020\/03\/clienty-3.png"},{"id":117,"url":"http:\/\/jimfahad.com\/myProjects\/Wordpress\/LPE\/JFDCorporate-1\/wp-content\/uploads\/2020\/03\/clienty-4.png"},{"id":115,"url":"http:\/\/jimfahad.com\/myProjects\/Wordpress\/LPE\/JFDCorporate-1\/wp-content\/uploads\/2020\/03\/clienty-2.png"}],"slides_to_show":"3","slides_to_scroll":"1","navigation":"dots"},"elements":[],"isInner":false,"widgetType":"image-carousel","elType":"widget"}],"isInner":false,"elType":"column"}],"isInner":false,"elType":"section"},{"id":"c125f7","settings":{"stretch_section":"section-stretched","background_background":"classic","background_color_b":"#0C1A54","background_gradient_angle":{"unit":"deg","size":360,"sizes":[]},"margin":{"unit":"px","top":"0","right":0,"bottom":"0","left":0,"isLinked":false},"padding_mobile":{"unit":"px","top":"0","right":"0","bottom":"40","left":"0","isLinked":false},"animation":"fadeInDown","animation_duration":"fast"},"elements":[{"id":"40a33968","settings":{"_column_size":100,"_inline_size":null},"elements":[{"id":"69a8c0c6","settings":{"animation":"fadeInUp","animation_duration":"slow"},"elements":[{"id":"695f6068","settings":{"_column_size":100,"_inline_size":null,"background_background":"gradient","background_color":"#0C1A54","background_gradient_angle":{"unit":"deg","size":340,"sizes":[]},"border_radius":{"unit":"px","top":"15","right":"15","bottom":"15","left":"15","isLinked":true},"box_shadow_box_shadow_type":"yes","box_shadow_box_shadow":{"horizontal":0,"vertical":0,"blur":70,"spread":0,"color":"rgba(0, 0, 0, 0.3)"},"margin":{"unit":"px","top":"0","right":"0","bottom":"50","left":"0","isLinked":false},"padding":{"unit":"px","top":"30","right":"15","bottom":"30","left":"15","isLinked":false}},"elements":[{"id":"7fca806","settings":{"title":"We Offer Awesome Services","align":"center","title_color":"#FFFFFF","typography_typography":"custom","typography_font_size":{"unit":"px","size":54,"sizes":[]},"typography_font_size_tablet":{"unit":"px","size":42,"sizes":[]},"typography_font_size_mobile":{"unit":"px","size":26,"sizes":[]},"typography_font_weight":"800"},"elements":[],"isInner":false,"widgetType":"heading","elType":"widget"},{"id":"2a65513a","settings":{"editor":"<p>When, while lovely valley teems with vapour around meand meridian sun strikes the upper surface .<\/p>","align":"center","text_color":"#FFFFFF","typography_typography":"custom","typography_font_size_mobile":{"unit":"px","size":14,"sizes":[]},"_margin":{"unit":"px","top":"10","right":"00","bottom":"00","left":"00","isLinked":false},"_margin_tablet":{"unit":"%","top":"0","right":"10","bottom":"0","left":"10","isLinked":false},"_margin_mobile":{"unit":"px","top":"0","right":"0","bottom":"0","left":"0","isLinked":false}},"elements":[],"isInner":false,"widgetType":"text-editor","elType":"widget"},{"id":"428012f","settings":{"text":"Contact Us Now","align":"center","icon_indent":{"unit":"px","size":15,"sizes":[]},"background_color":"#0599C9","button_background_hover_color":"#F25D6C","border_radius":{"unit":"px","top":"25","right":"25","bottom":"25","left":"25","isLinked":true},"button_box_shadow_box_shadow_type":"yes","button_box_shadow_box_shadow":{"horizontal":0,"vertical":0,"blur":30,"spread":-10,"color":"rgba(0,0,0,0.5)"},"text_padding":{"unit":"px","top":"15","right":"35","bottom":"15","left":"35","isLinked":false},"_margin":{"unit":"px","top":"-15","right":"0","bottom":"0","left":"0","isLinked":false}},"elements":[],"isInner":false,"widgetType":"button","elType":"widget"}],"isInner":true,"elType":"column"}],"isInner":true,"elType":"section"}],"isInner":false,"elType":"column"}],"isInner":false,"elType":"section"}]}