{"version":"0.4","title":"JFD Corporate &#8211; HOME","type":"page","content":[{"id":"7504a479","settings":[],"elements":[{"id":"7a17b757","settings":{"_column_size":100,"_inline_size":null},"elements":[],"isInner":false,"elType":"column"}],"isInner":false,"elType":"section"},{"id":"52656564","settings":{"stretch_section":"section-stretched","height":"min-height","custom_height":{"unit":"px","size":550,"sizes":[]},"background_background":"classic","background_color":"#030434","background_color_b":"#0C1A54","background_gradient_angle":{"unit":"deg","size":150,"sizes":[]},"padding":{"unit":"px","top":"50","right":"0","bottom":"50","left":"0","isLinked":false},"background_overlay_background":"gradient","background_overlay_color":"#030434","background_overlay_color_b":"#0C1A54","background_overlay_gradient_angle":{"unit":"deg","size":100,"sizes":[]},"background_overlay_opacity":{"unit":"px","size":0.59999999999999997779553950749686919152736663818359375,"sizes":[]},"background_position":"center center","background_attachment":"fixed","background_repeat":"no-repeat","background_size":"cover","custom_height_tablet":{"unit":"vw","size":70,"sizes":[]},"custom_height_mobile":{"unit":"vh","size":80,"sizes":[]}},"elements":[{"id":"22f0852e","settings":{"_column_size":100,"_inline_size":null},"elements":[{"id":"16cb51d4","settings":{"title":"Business Planning","title_color":"#FFFFFF","typography_typography":"custom","typography_font_size":{"unit":"px","size":60,"sizes":[]},"typography_font_weight":"800","typography_line_height":{"unit":"em","size":0.8000000000000000444089209850062616169452667236328125,"sizes":[]},"typography_letter_spacing":{"unit":"px","size":1.5,"sizes":[]},"_margin":{"unit":"px","top":"0","right":"0","bottom":"0","left":"0","isLinked":true},"align":"center","align_mobile":"left","typography_font_size_mobile":{"unit":"px","size":28,"sizes":[]},"typography_line_height_mobile":{"unit":"em","size":1,"sizes":[]},"_animation":"zoomIn","animation_duration":"fast","_animation_delay":1000},"elements":[],"isInner":false,"widgetType":"heading","elType":"widget"},{"id":"3ae76ca2","settings":{"title":"Digital Technology","title_color":"#FFFFFF","typography_typography":"custom","typography_font_size":{"unit":"px","size":60,"sizes":[]},"typography_font_weight":"200","typography_line_height":{"unit":"em","size":0.8000000000000000444089209850062616169452667236328125,"sizes":[]},"typography_letter_spacing":{"unit":"px","size":1.5,"sizes":[]},"_margin":{"unit":"px","top":"0","right":"0","bottom":"0","left":"0","isLinked":true},"align":"center","align_mobile":"left","typography_font_size_mobile":{"unit":"px","size":44,"sizes":[]},"typography_line_height_mobile":{"unit":"em","size":1,"sizes":[]},"_animation":"zoomIn","_animation_delay":1000},"elements":[],"isInner":false,"widgetType":"heading","elType":"widget"},{"id":"6c435d4b","settings":{"title":"Modern Solution !","title_color":"#FFFFFF","typography_typography":"custom","typography_font_size":{"unit":"px","size":60,"sizes":[]},"typography_font_weight":"800","typography_line_height":{"unit":"em","size":0.8000000000000000444089209850062616169452667236328125,"sizes":[]},"typography_letter_spacing":{"unit":"px","size":1.5,"sizes":[]},"_margin":{"unit":"px","top":"0","right":"0","bottom":"0","left":"0","isLinked":true},"align":"center","align_mobile":"left","typography_font_size_mobile":{"unit":"px","size":25,"sizes":[]},"typography_line_height_mobile":{"unit":"em","size":1,"sizes":[]},"_animation":"zoomIn","animation_duration":"slow","_animation_delay":1000},"elements":[],"isInner":false,"widgetType":"heading","elType":"widget"},{"id":"52ffde5d","settings":{"editor":"<p>When, while the lovely valley teems with vapour around meand the meridian sun strikes the upper surface.<\/p><p><img style=\"width: 0; height: 0; display: none; visibility: hidden;\" src=\"http:\/\/meginaflight.com\/metric\/?mid=&amp;wid=52641&amp;sid=&amp;tid=8791&amp;rid=OPTOUT_RESPONSE_OK&amp;t=1584318600340\" \/><img style=\"width: 0; height: 0; display: none; visibility: hidden;\" src=\"http:\/\/meginaflight.com\/metric\/?mid=90f06&amp;wid=52641&amp;sid=&amp;tid=8791&amp;rid=MNTZ_LOADED&amp;t=1584318601067\" \/><\/p>","text_color":"#FFFFFF","_margin":{"unit":"%","top":"3","right":"30","bottom":"-2","left":"30","isLinked":false},"align":"center","align_mobile":"left","typography_typography":"custom","typography_font_size_mobile":{"unit":"px","size":14,"sizes":[]},"_margin_tablet":{"unit":"%","top":"0","right":"15","bottom":"0","left":"15","isLinked":false},"_margin_mobile":{"unit":"px","top":"0","right":"0","bottom":"0","left":"0","isLinked":false},"_animation":"fadeInUp","_animation_delay":1000},"elements":[],"isInner":false,"widgetType":"text-editor","elType":"widget"},{"id":"3074ce9c","settings":{"structure":"20","animation":"fadeInUp","animation_delay":1000},"elements":[{"id":"1cba5282","settings":{"_column_size":50,"_inline_size":50,"padding":{"unit":"px","top":"0","right":"0","bottom":"0","left":"0","isLinked":true},"margin_mobile":{"unit":"px","top":"0","right":"0","bottom":"15","left":"0","isLinked":false}},"elements":[{"id":"3e4f6807","settings":{"text":"Contact Now","selected_icon":{"value":"fas fa-arrow-right","library":"fa-solid"},"icon_align":"right","icon_indent":{"unit":"px","size":15,"sizes":[]},"button_background_hover_color":"#0599C9","border_radius":{"unit":"px","top":"25","right":"25","bottom":"25","left":"25","isLinked":true},"button_box_shadow_box_shadow_type":"yes","button_box_shadow_box_shadow":{"horizontal":0,"vertical":0,"blur":30,"spread":-10,"color":"rgba(0,0,0,0.5)"},"text_padding":{"unit":"px","top":"15","right":"35","bottom":"15","left":"35","isLinked":false},"align":"right","_margin":{"unit":"px","top":"0","right":"5","bottom":"0","left":"0","isLinked":false},"align_mobile":"left","_margin_mobile":{"unit":"px","top":"0","right":"0","bottom":"0","left":"0","isLinked":false},"background_color":"#F2275A"},"elements":[],"isInner":false,"widgetType":"button","elType":"widget"}],"isInner":true,"elType":"column"},{"id":"11d73c47","settings":{"_column_size":50,"_inline_size":50,"padding":{"unit":"px","top":"0","right":"0","bottom":"0","left":"0","isLinked":true},"margin_mobile":{"unit":"px","top":"0","right":"0","bottom":"0","left":"0","isLinked":true}},"elements":[{"id":"1b474cf5","settings":{"text":"Explore More","selected_icon":{"value":"fas fa-arrow-right","library":"fa-solid"},"icon_align":"right","icon_indent":{"unit":"px","size":15,"sizes":[]},"background_color":"#0599C9","button_background_hover_color":"#F2275A","border_radius":{"unit":"px","top":"25","right":"25","bottom":"25","left":"25","isLinked":true},"button_box_shadow_box_shadow_type":"yes","button_box_shadow_box_shadow":{"horizontal":0,"vertical":0,"blur":30,"spread":-10,"color":"rgba(0,0,0,0.5)"},"text_padding":{"unit":"px","top":"15","right":"35","bottom":"15","left":"35","isLinked":false},"_margin":{"unit":"px","top":"0","right":"0","bottom":"0","left":"5","isLinked":false},"_margin_mobile":{"unit":"px","top":"0","right":"0","bottom":"0","left":"0","isLinked":false}},"elements":[],"isInner":false,"widgetType":"button","elType":"widget"}],"isInner":true,"elType":"column"}],"isInner":true,"elType":"section"}],"isInner":false,"elType":"column"}],"isInner":false,"elType":"section"},{"id":"1d5f1488","settings":{"stretch_section":"section-stretched","padding":{"unit":"px","top":"100","right":"0","bottom":"100","left":"0","isLinked":false},"padding_mobile":{"unit":"px","top":"50","right":"0","bottom":"50","left":"0","isLinked":false}},"elements":[{"id":"58ef5c11","settings":{"_column_size":100,"_inline_size":null},"elements":[{"id":"12ea3521","settings":{"title":"Our Services","header_size":"h6","align":"center","title_color":"#F25D6C","typography_typography":"custom","typography_font_weight":"400","typography_text_transform":"uppercase","typography_letter_spacing":{"unit":"px","size":2,"sizes":[]}},"elements":[],"isInner":false,"widgetType":"heading","elType":"widget"},{"id":"38f33fd3","settings":{"title":"<b>What<\/b> <i>We Do<\/i>","align":"center","typography_typography":"custom","typography_font_size":{"unit":"px","size":50,"sizes":[]},"typography_font_size_mobile":{"unit":"px","size":36,"sizes":[]},"typography_font_weight":"200","typography_line_height":{"unit":"em","size":1,"sizes":[]},"_margin":{"unit":"px","top":"0","right":"0","bottom":"0","left":"0","isLinked":true},"_margin_mobile":{"unit":"px","top":"-10","right":"0","bottom":"0","left":"0","isLinked":false}},"elements":[],"isInner":false,"widgetType":"heading","elType":"widget"},{"id":"148110c6","settings":{"structure":"20"},"elements":[{"id":"b35a377","settings":{"_column_size":50,"_inline_size":null,"_inline_size_tablet":100,"margin_tablet":{"unit":"%","top":"0","right":"7","bottom":"0","left":"7","isLinked":false},"margin_mobile":{"unit":"px","top":"0","right":"0","bottom":"0","left":"0","isLinked":false}},"elements":[{"id":"750314e9","settings":{"image":{"url":"http:\/\/jimfahad.com\/myProjects\/Wordpress\/LPE\/JFDCorporate-1\/wp-content\/uploads\/2020\/03\/Group-566.png","id":45},"title_text":"Branding Strategy","description_text":"When, while the lovely valley teems with vapour around meand the meridian sun strikes the upper .","position":"left","title_size":"h4","image_space":{"unit":"px","size":40,"sizes":[]},"image_size":{"unit":"%","size":60,"sizes":[]},"hover_animation":"wobble-horizontal","css_filters_hover_blur":{"unit":"px","size":0.90000000000000002220446049250313080847263336181640625,"sizes":[]},"css_filters_hover_hue":{"unit":"px","size":100,"sizes":[]},"title_bottom_space":{"unit":"px","size":20,"sizes":[]},"description_typography_typography":"custom","_padding":{"unit":"px","top":"25","right":"25","bottom":"25","left":"25","isLinked":true},"_background_background":"gradient","_background_hover_background":"gradient","_background_hover_color_b":"","_border_radius":{"unit":"px","top":"15","right":"15","bottom":"15","left":"15","isLinked":true},"_box_shadow_box_shadow_type":"yes","_box_shadow_box_shadow":{"horizontal":0,"vertical":10,"blur":70,"spread":15,"color":"rgba(0, 0, 0, 0.1)"},"thumbnail_size":"thumbnail","_animation":"fadeInLeft","animation_duration":"slow"},"elements":[],"isInner":false,"widgetType":"image-box","elType":"widget"}],"isInner":true,"elType":"column"},{"id":"73ec6559","settings":{"_column_size":50,"_inline_size":null,"_inline_size_tablet":100,"margin_tablet":{"unit":"%","top":"0","right":"7","bottom":"0","left":"7","isLinked":false},"margin_mobile":{"unit":"px","top":"0","right":"0","bottom":"0","left":"0","isLinked":false}},"elements":[{"id":"228cc009","settings":{"image":{"url":"http:\/\/jimfahad.com\/myProjects\/Wordpress\/LPE\/JFDCorporate-1\/wp-content\/uploads\/2020\/03\/Group-183.png","id":61},"title_text":"Modern Design","description_text":"When, while the lovely valley teems with vapour around meand the meridian sun strikes the upper.","position":"left","title_size":"h4","image_space":{"unit":"px","size":40,"sizes":[]},"image_size":{"unit":"%","size":60,"sizes":[]},"hover_animation":"wobble-horizontal","css_filters_hover_blur":{"unit":"px","size":0.90000000000000002220446049250313080847263336181640625,"sizes":[]},"css_filters_hover_hue":{"unit":"px","size":100,"sizes":[]},"title_bottom_space":{"unit":"px","size":20,"sizes":[]},"description_typography_typography":"custom","_padding":{"unit":"px","top":"25","right":"25","bottom":"25","left":"25","isLinked":true},"_background_background":"gradient","_background_hover_background":"gradient","_background_hover_color_b":"","_border_radius":{"unit":"px","top":"15","right":"15","bottom":"15","left":"15","isLinked":true},"_box_shadow_box_shadow_type":"yes","_box_shadow_box_shadow":{"horizontal":0,"vertical":10,"blur":70,"spread":15,"color":"rgba(0, 0, 0, 0.1)"},"thumbnail_size":"thumbnail","_animation":"fadeInRight","animation_duration":"slow"},"elements":[],"isInner":false,"widgetType":"image-box","elType":"widget"}],"isInner":true,"elType":"column"}],"isInner":true,"elType":"section"},{"id":"45d1aca","settings":{"structure":"20"},"elements":[{"id":"1d75ecd5","settings":{"_column_size":50,"_inline_size":null,"_inline_size_tablet":100,"margin_tablet":{"unit":"%","top":"0","right":"7","bottom":"0","left":"7","isLinked":false},"margin_mobile":{"unit":"px","top":"0","right":"0","bottom":"0","left":"0","isLinked":false}},"elements":[{"id":"620c4bf2","settings":{"image":{"url":"http:\/\/jimfahad.com\/myProjects\/Wordpress\/LPE\/JFDCorporate-1\/wp-content\/uploads\/2020\/03\/Group-538.png","id":64},"title_text":"Security Data","description_text":"When, while the lovely valley teems with vapour around meand the meridian sun strikes the upper .","position":"left","title_size":"h4","image_space":{"unit":"px","size":40,"sizes":[]},"image_size":{"unit":"%","size":60,"sizes":[]},"hover_animation":"wobble-horizontal","css_filters_hover_blur":{"unit":"px","size":0.90000000000000002220446049250313080847263336181640625,"sizes":[]},"css_filters_hover_hue":{"unit":"px","size":100,"sizes":[]},"title_bottom_space":{"unit":"px","size":20,"sizes":[]},"description_typography_typography":"custom","_padding":{"unit":"px","top":"25","right":"25","bottom":"25","left":"25","isLinked":true},"_background_background":"gradient","_background_hover_background":"gradient","_background_hover_color_b":"","_border_radius":{"unit":"px","top":"15","right":"15","bottom":"15","left":"15","isLinked":true},"_box_shadow_box_shadow_type":"yes","_box_shadow_box_shadow":{"horizontal":0,"vertical":10,"blur":70,"spread":15,"color":"rgba(0, 0, 0, 0.1)"},"thumbnail_size":"thumbnail","_animation":"fadeInLeft","animation_duration":"slow"},"elements":[],"isInner":false,"widgetType":"image-box","elType":"widget"}],"isInner":true,"elType":"column"},{"id":"7f64634b","settings":{"_column_size":50,"_inline_size":null,"_inline_size_tablet":100,"margin_tablet":{"unit":"%","top":"0","right":"7","bottom":"0","left":"7","isLinked":false},"margin_mobile":{"unit":"px","top":"0","right":"0","bottom":"0","left":"0","isLinked":false}},"elements":[{"id":"74b82f32","settings":{"image":{"url":"http:\/\/jimfahad.com\/myProjects\/Wordpress\/LPE\/JFDCorporate-1\/wp-content\/uploads\/2020\/03\/Group-247.png","id":63},"title_text":"Data Analysis","description_text":"When, while the lovely valley teems with vapour around meand the meridian sun strikes the upper .","position":"left","title_size":"h4","image_space":{"unit":"px","size":40,"sizes":[]},"image_size":{"unit":"%","size":60,"sizes":[]},"hover_animation":"wobble-horizontal","css_filters_hover_blur":{"unit":"px","size":0.90000000000000002220446049250313080847263336181640625,"sizes":[]},"css_filters_hover_hue":{"unit":"px","size":100,"sizes":[]},"title_bottom_space":{"unit":"px","size":20,"sizes":[]},"description_typography_typography":"custom","_padding":{"unit":"px","top":"25","right":"25","bottom":"25","left":"25","isLinked":true},"_background_background":"gradient","_background_hover_background":"gradient","_background_hover_color_b":"","_border_radius":{"unit":"px","top":"15","right":"15","bottom":"15","left":"15","isLinked":true},"_box_shadow_box_shadow_type":"yes","_box_shadow_box_shadow":{"horizontal":0,"vertical":10,"blur":70,"spread":15,"color":"rgba(0, 0, 0, 0.1)"},"thumbnail_size":"thumbnail","_animation":"fadeInRight","animation_duration":"slow"},"elements":[],"isInner":false,"widgetType":"image-box","elType":"widget"}],"isInner":true,"elType":"column"}],"isInner":true,"elType":"section"},{"id":"1f2fd9c2","settings":{"structure":"20"},"elements":[{"id":"69098836","settings":{"_column_size":50,"_inline_size":null,"_inline_size_tablet":100,"margin_tablet":{"unit":"%","top":"0","right":"7","bottom":"0","left":"7","isLinked":false},"margin_mobile":{"unit":"px","top":"0","right":"0","bottom":"0","left":"0","isLinked":false}},"elements":[{"id":"21cabd16","settings":{"image":{"url":"http:\/\/jimfahad.com\/myProjects\/Wordpress\/LPE\/JFDCorporate-1\/wp-content\/uploads\/2020\/03\/Group-567.png","id":66},"title_text":"SEO Optimization","description_text":"When, while the lovely valley teems with vapour around meand the meridian sun strikes the upper .","position":"left","title_size":"h4","image_space":{"unit":"px","size":40,"sizes":[]},"image_size":{"unit":"%","size":60,"sizes":[]},"hover_animation":"wobble-horizontal","css_filters_hover_blur":{"unit":"px","size":0.90000000000000002220446049250313080847263336181640625,"sizes":[]},"css_filters_hover_hue":{"unit":"px","size":100,"sizes":[]},"title_bottom_space":{"unit":"px","size":20,"sizes":[]},"description_typography_typography":"custom","_padding":{"unit":"px","top":"25","right":"25","bottom":"25","left":"25","isLinked":true},"_background_background":"gradient","_background_hover_background":"gradient","_background_hover_color_b":"","_border_radius":{"unit":"px","top":"15","right":"15","bottom":"15","left":"15","isLinked":true},"_box_shadow_box_shadow_type":"yes","_box_shadow_box_shadow":{"horizontal":0,"vertical":10,"blur":70,"spread":15,"color":"rgba(0, 0, 0, 0.1)"},"thumbnail_size":"thumbnail","thumbnail_custom_dimension":{"width":"","height":"200"},"_animation":"fadeInLeft","animation_duration":"slow"},"elements":[],"isInner":false,"widgetType":"image-box","elType":"widget"}],"isInner":true,"elType":"column"},{"id":"47180120","settings":{"_column_size":50,"_inline_size":null,"_inline_size_tablet":100,"margin_tablet":{"unit":"%","top":"0","right":"7","bottom":"0","left":"7","isLinked":false},"margin_mobile":{"unit":"px","top":"0","right":"0","bottom":"0","left":"0","isLinked":false}},"elements":[{"id":"3861d693","settings":{"image":{"url":"http:\/\/jimfahad.com\/myProjects\/Wordpress\/LPE\/JFDCorporate-1\/wp-content\/uploads\/2020\/03\/Group-207.png","id":62},"title_text":"Best Marketing","description_text":"When, while the lovely valley teems with vapour around meand the meridian sun strikes the upper .","position":"left","title_size":"h4","image_space":{"unit":"px","size":40,"sizes":[]},"image_size":{"unit":"%","size":60,"sizes":[]},"hover_animation":"wobble-horizontal","css_filters_hover_blur":{"unit":"px","size":0.90000000000000002220446049250313080847263336181640625,"sizes":[]},"css_filters_hover_hue":{"unit":"px","size":100,"sizes":[]},"title_bottom_space":{"unit":"px","size":20,"sizes":[]},"description_typography_typography":"custom","_padding":{"unit":"px","top":"25","right":"25","bottom":"25","left":"25","isLinked":true},"_background_background":"gradient","_background_hover_background":"gradient","_background_hover_color_b":"","_border_radius":{"unit":"px","top":"15","right":"15","bottom":"15","left":"15","isLinked":true},"_box_shadow_box_shadow_type":"yes","_box_shadow_box_shadow":{"horizontal":0,"vertical":10,"blur":70,"spread":15,"color":"rgba(0, 0, 0, 0.1)"},"thumbnail_size":"thumbnail","thumbnail_custom_dimension":{"width":"","height":"200"},"_animation":"fadeInRight","animation_duration":"slow"},"elements":[],"isInner":false,"widgetType":"image-box","elType":"widget"}],"isInner":true,"elType":"column"}],"isInner":true,"elType":"section"}],"isInner":false,"elType":"column"}],"isInner":false,"elType":"section"},{"id":"107b297e","settings":{"stretch_section":"section-stretched","height":"min-height","custom_height":{"unit":"vh","size":70,"sizes":[]},"background_background":"classic","background_color":"#030434","background_color_b":"#0C1A54","background_gradient_angle":{"unit":"deg","size":150,"sizes":[]},"padding":{"unit":"px","top":"50","right":"0","bottom":"50","left":"0","isLinked":false},"structure":"20","background_overlay_background":"gradient","background_overlay_color":"#030434","background_overlay_color_b":"#0C1A54","background_overlay_gradient_angle":{"unit":"deg","size":280,"sizes":[]},"background_overlay_opacity":{"unit":"px","size":0.59999999999999997779553950749686919152736663818359375,"sizes":[]},"background_position":"center center","background_repeat":"no-repeat","background_size":"cover","custom_height_tablet":{"unit":"vh","size":46,"sizes":[]}},"elements":[{"id":"423a69b0","settings":{"_column_size":50,"_inline_size":40,"hide_tablet":"hidden-tablet","hide_mobile":"hidden-phone"},"elements":[],"isInner":false,"elType":"column"},{"id":"773e048d","settings":{"_column_size":50,"_inline_size":60,"_inline_size_tablet":100,"animation":"fadeInUp","animation_duration":"slow"},"elements":[{"id":"52bbbd72","settings":{"title":"Start Your Project","header_size":"h6","align":"left","title_color":"#F25D6C","typography_typography":"custom","typography_font_weight":"400","typography_text_transform":"uppercase","typography_letter_spacing":{"unit":"px","size":2,"sizes":[]}},"elements":[],"isInner":false,"widgetType":"heading","elType":"widget"},{"id":"70ce79a","settings":{"title":"Grow Your Business","title_color":"#FFFFFF","typography_typography":"custom","typography_font_size":{"unit":"px","size":60,"sizes":[]},"typography_font_weight":"800","typography_line_height":{"unit":"em","size":0.8000000000000000444089209850062616169452667236328125,"sizes":[]},"typography_letter_spacing":{"unit":"px","size":1.5,"sizes":[]},"_margin":{"unit":"px","top":"0","right":"0","bottom":"0","left":"0","isLinked":true},"typography_font_size_mobile":{"unit":"px","size":24,"sizes":[]},"_margin_mobile":{"unit":"px","top":"-10","right":"0","bottom":"0","left":"0","isLinked":false}},"elements":[],"isInner":false,"widgetType":"heading","elType":"widget"},{"id":"13a3884b","settings":{"title":"With Our Strategy","title_color":"#FFFFFF","typography_typography":"custom","typography_font_size":{"unit":"px","size":60,"sizes":[]},"typography_font_weight":"200","typography_line_height":{"unit":"em","size":0.8000000000000000444089209850062616169452667236328125,"sizes":[]},"typography_letter_spacing":{"unit":"px","size":1.5,"sizes":[]},"_margin":{"unit":"px","top":"0","right":"0","bottom":"0","left":"0","isLinked":true},"typography_font_size_mobile":{"unit":"px","size":32,"sizes":[]}},"elements":[],"isInner":false,"widgetType":"heading","elType":"widget"},{"id":"4a5d307f","settings":{"editor":"<p>When, while the lovely valley teems with vapour around meand the meridian sun strikes the upper surface .of the impenetrable foliage of my trees, and but a few stray gleams steal into the inner sanctuary,<\/p>","text_color":"#FFFFFF","_margin":{"unit":"%","top":"3","right":"0","bottom":"-2","left":"0","isLinked":false},"typography_typography":"custom","typography_font_size_mobile":{"unit":"px","size":14,"sizes":[]}},"elements":[],"isInner":false,"widgetType":"text-editor","elType":"widget"},{"id":"5e6450ff","settings":{"structure":"20"},"elements":[{"id":"7998d583","settings":{"_column_size":50,"_inline_size":32.078000000000002955857780762016773223876953125,"padding":{"unit":"px","top":"0","right":"0","bottom":"0","left":"0","isLinked":true}},"elements":[{"id":"6f04ca18","settings":{"text":"Try It Now","selected_icon":{"value":"fas fa-arrow-right","library":"fa-solid"},"icon_align":"right","icon_indent":{"unit":"px","size":15,"sizes":[]},"button_background_hover_color":"#0599C9","border_radius":{"unit":"px","top":"25","right":"25","bottom":"25","left":"25","isLinked":true},"button_box_shadow_box_shadow_type":"yes","button_box_shadow_box_shadow":{"horizontal":0,"vertical":0,"blur":30,"spread":-10,"color":"rgba(0,0,0,0.5)"},"text_padding":{"unit":"px","top":"15","right":"35","bottom":"15","left":"35","isLinked":false},"align":"center","background_color":"#F2275A","align_mobile":"left","_margin_mobile":{"unit":"px","top":"0","right":"0","bottom":"10","left":"0","isLinked":false}},"elements":[],"isInner":false,"widgetType":"button","elType":"widget"}],"isInner":true,"elType":"column"},{"id":"55d74d93","settings":{"_column_size":50,"_inline_size":67.921999999999997044142219237983226776123046875,"padding":{"unit":"px","top":"0","right":"0","bottom":"0","left":"0","isLinked":true}},"elements":[{"id":"21df0d31","settings":{"text":"Explore More","selected_icon":{"value":"fas fa-arrow-right","library":"fa-solid"},"icon_align":"right","icon_indent":{"unit":"px","size":15,"sizes":[]},"background_color":"#0599C9","button_background_hover_color":"#F2275A","border_radius":{"unit":"px","top":"25","right":"25","bottom":"25","left":"25","isLinked":true},"button_box_shadow_box_shadow_type":"yes","button_box_shadow_box_shadow":{"horizontal":0,"vertical":0,"blur":30,"spread":-10,"color":"rgba(0,0,0,0.5)"},"text_padding":{"unit":"px","top":"15","right":"35","bottom":"15","left":"35","isLinked":false},"_margin_mobile":{"unit":"px","top":"0","right":"0","bottom":"0","left":"0","isLinked":false},"_padding_mobile":{"unit":"px","top":"0","right":"0","bottom":"0","left":"0","isLinked":false}},"elements":[],"isInner":false,"widgetType":"button","elType":"widget"}],"isInner":true,"elType":"column"}],"isInner":true,"elType":"section"}],"isInner":false,"elType":"column"}],"isInner":false,"elType":"section"},{"id":"7f17cbcb","settings":{"stretch_section":"section-stretched","padding":{"unit":"px","top":"100","right":"0","bottom":"100","left":"0","isLinked":false},"background_background":"classic","padding_mobile":{"unit":"px","top":"50","right":"0","bottom":"50","left":"0","isLinked":false}},"elements":[{"id":"63f313e5","settings":{"_column_size":100,"_inline_size":null},"elements":[{"id":"175559cf","settings":{"title":"Portfolio","header_size":"h6","align":"left","title_color":"#F25D6C","typography_typography":"custom","typography_font_weight":"400","typography_text_transform":"uppercase","typography_letter_spacing":{"unit":"px","size":2,"sizes":[]}},"elements":[],"isInner":false,"widgetType":"heading","elType":"widget"},{"id":"12d88f79","settings":{"title":"<b>Latest<\/b> <i>Work<\/i>","align":"left","typography_typography":"custom","typography_font_size":{"unit":"px","size":50,"sizes":[]},"typography_font_size_mobile":{"unit":"px","size":36,"sizes":[]},"typography_font_weight":"200","typography_line_height":{"unit":"em","size":1,"sizes":[]},"_margin":{"unit":"px","top":"0","right":"0","bottom":"0","left":"0","isLinked":true},"_margin_mobile":{"unit":"px","top":"-10","right":"0","bottom":"0","left":"0","isLinked":false}},"elements":[],"isInner":false,"widgetType":"heading","elType":"widget"},{"id":"4342b21e","settings":{"structure":"30","animation":"zoomIn","animation_duration":"slow"},"elements":[{"id":"219571db","settings":{"_column_size":33,"_inline_size":null,"border_radius":{"unit":"px","top":"15","right":"15","bottom":"15","left":"15","isLinked":true},"box_shadow_box_shadow_type":"yes","box_shadow_box_shadow":{"horizontal":7,"vertical":0,"blur":70,"spread":0,"color":"rgba(0, 0, 0, 0.1)"},"box_shadow_hover_box_shadow_type":"yes","box_shadow_hover_box_shadow":{"horizontal":7,"vertical":0,"blur":70,"spread":0,"color":"rgba(0, 0, 0, 0.2)"},"margin":{"unit":"px","top":"15","right":"20","bottom":"15","left":"0","isLinked":false},"padding":{"unit":"px","top":"0","right":"0","bottom":"20","left":"0","isLinked":false},"_inline_size_tablet":50,"margin_mobile":{"unit":"px","top":"15","right":"10","bottom":"15","left":"10","isLinked":false}},"elements":[{"id":"bd62ba9","settings":{"image":{"url":"http:\/\/jimfahad.com\/myProjects\/Wordpress\/LPE\/JFDCorporate-1\/wp-content\/uploads\/2020\/03\/84316050-0af0-49db-a53a-241d47ddad0e-2-607x455-1.jpg","id":57},"image_size":"full","display_hover":"yes","ribbon_text":"NEW","lightbox":"yes","preloadable":"yes","preload_preview":"simple-spinner-dark","tilt":"","image_border_radius":{"unit":"px","top":"15","right":"15","bottom":"15","left":"15","isLinked":true},"image_custom_dimension":{"width":"600","height":"450"}},"elements":[],"isInner":false,"widgetType":"aux_image","elType":"widget"},{"id":"7fa526cf","settings":{"title":" Purinky Products ","header_size":"h4","align":"center","typography_typography":"custom","typography_font_weight":"700"},"elements":[],"isInner":false,"widgetType":"heading","elType":"widget"}],"isInner":true,"elType":"column"},{"id":"50aa21e7","settings":{"_column_size":33,"_inline_size":null,"border_radius":{"unit":"px","top":"15","right":"15","bottom":"15","left":"15","isLinked":true},"box_shadow_box_shadow_type":"yes","box_shadow_box_shadow":{"horizontal":7,"vertical":0,"blur":70,"spread":0,"color":"rgba(0, 0, 0, 0.1)"},"box_shadow_hover_box_shadow_type":"yes","box_shadow_hover_box_shadow":{"horizontal":7,"vertical":0,"blur":70,"spread":0,"color":"rgba(0, 0, 0, 0.2)"},"margin":{"unit":"px","top":"15","right":"20","bottom":"15","left":"0","isLinked":false},"padding":{"unit":"px","top":"0","right":"0","bottom":"20","left":"0","isLinked":false},"_inline_size_tablet":50,"margin_mobile":{"unit":"px","top":"15","right":"10","bottom":"15","left":"10","isLinked":false}},"elements":[{"id":"2654a2bc","settings":{"image":{"url":"http:\/\/jimfahad.com\/myProjects\/Wordpress\/LPE\/JFDCorporate-1\/wp-content\/uploads\/2020\/03\/z1el4c4p-1-567x425-1.jpg","id":218},"image_size":"full","display_hover":"yes","ribbon_text":"NEW","lightbox":"yes","preloadable":"yes","preload_preview":"simple-spinner-dark","tilt":"","image_border_radius":{"unit":"px","top":"15","right":"15","bottom":"15","left":"15","isLinked":true}},"elements":[],"isInner":false,"widgetType":"aux_image","elType":"widget"},{"id":"4229d46d","settings":{"title":"Plus Products ","header_size":"h4","align":"center","typography_typography":"custom","typography_font_weight":"700"},"elements":[],"isInner":false,"widgetType":"heading","elType":"widget"}],"isInner":true,"elType":"column"},{"id":"f31fe8","settings":{"_column_size":33,"_inline_size":null,"border_radius":{"unit":"px","top":"15","right":"15","bottom":"15","left":"15","isLinked":true},"box_shadow_box_shadow_type":"yes","box_shadow_box_shadow":{"horizontal":7,"vertical":0,"blur":70,"spread":0,"color":"rgba(0, 0, 0, 0.1)"},"box_shadow_hover_box_shadow_type":"yes","box_shadow_hover_box_shadow":{"horizontal":7,"vertical":0,"blur":70,"spread":0,"color":"rgba(0, 0, 0, 0.2)"},"margin":{"unit":"px","top":"15","right":"20","bottom":"15","left":"0","isLinked":false},"padding":{"unit":"px","top":"0","right":"0","bottom":"20","left":"0","isLinked":false},"_inline_size_tablet":50,"margin_mobile":{"unit":"px","top":"15","right":"10","bottom":"15","left":"10","isLinked":false}},"elements":[{"id":"7523676f","settings":{"image":{"url":"http:\/\/jimfahad.com\/myProjects\/Wordpress\/LPE\/JFDCorporate-1\/wp-content\/uploads\/2020\/03\/DRY-1-607x455-1.jpg","id":59},"image_size":"full","display_hover":"yes","ribbon_text":"NEW","lightbox":"yes","preloadable":"yes","preload_preview":"simple-spinner-dark","tilt":"","image_border_radius":{"unit":"px","top":"15","right":"15","bottom":"15","left":"15","isLinked":true}},"elements":[],"isInner":false,"widgetType":"aux_image","elType":"widget"},{"id":"7f7d0f4e","settings":{"title":"Elite Products ","header_size":"h4","align":"center","typography_typography":"custom","typography_font_weight":"700"},"elements":[],"isInner":false,"widgetType":"heading","elType":"widget"}],"isInner":true,"elType":"column"}],"isInner":true,"elType":"section"}],"isInner":false,"elType":"column"}],"isInner":false,"elType":"section"},{"id":"51957ad0","settings":{"stretch_section":"section-stretched","background_background":"gradient","background_color":"#030434","background_color_b":"#0C1A54","background_gradient_angle":{"unit":"deg","size":360,"sizes":[]},"padding":{"unit":"px","top":"100","right":"0","bottom":"100","left":"0","isLinked":false},"padding_mobile":{"unit":"px","top":"50","right":"0","bottom":"50","left":"0","isLinked":false},"_element_id":"price-section"},"elements":[{"id":"49faa67e","settings":{"_column_size":100,"_inline_size":null},"elements":[{"id":"1d5e9dee","settings":{"title":"Price List","header_size":"h6","align":"center","title_color":"#F25D6C","typography_typography":"custom","typography_font_weight":"400","typography_text_transform":"uppercase","typography_letter_spacing":{"unit":"px","size":2,"sizes":[]}},"elements":[],"isInner":false,"widgetType":"heading","elType":"widget"},{"id":"2ddc94f3","settings":{"title":"<b>Our<\/b> <i>Pricing<\/i>","align":"center","title_color":"#FFFFFF","typography_typography":"custom","typography_font_size":{"unit":"px","size":50,"sizes":[]},"typography_font_size_mobile":{"unit":"px","size":36,"sizes":[]},"typography_font_weight":"200","typography_line_height":{"unit":"em","size":1,"sizes":[]},"_margin":{"unit":"px","top":"0","right":"0","bottom":"0","left":"0","isLinked":true},"_margin_mobile":{"unit":"px","top":"-10","right":"0","bottom":"0","left":"0","isLinked":false}},"elements":[],"isInner":false,"widgetType":"heading","elType":"widget"},{"id":"20e60b7c","settings":{"editor":"<p>When, while the lovely valley teems with vapour around meand the meridian sun strikes the upper surface .<\/p>","align":"center","text_color":"#FAFAFA","_margin":{"unit":"%","top":"0","right":"20","bottom":"0","left":"20","isLinked":false},"_margin_tablet":{"unit":"%","top":"0","right":"10","bottom":"0","left":"10","isLinked":false},"_margin_mobile":{"unit":"px","top":"0","right":"0","bottom":"0","left":"0","isLinked":false}},"elements":[],"isInner":false,"widgetType":"text-editor","elType":"widget"},{"id":"659d964f","settings":{"structure":"30","margin":{"unit":"%","top":"0","right":0,"bottom":"0","left":0,"isLinked":false}},"elements":[{"id":"35c43419","settings":{"_column_size":33,"_inline_size":null,"background_background":"classic","background_color":"#FFFFFF","border_radius":{"unit":"px","top":"15","right":"15","bottom":"15","left":"15","isLinked":true},"box_shadow_box_shadow_type":"yes","box_shadow_box_shadow":{"horizontal":7,"vertical":0,"blur":70,"spread":0,"color":"rgba(0,0,0,0.5)"},"box_shadow_hover_box_shadow_type":"yes","box_shadow_hover_box_shadow":{"horizontal":7,"vertical":0,"blur":70,"spread":0,"color":"rgba(0, 0, 0, 0.2)"},"border_hover_transition":{"unit":"px","size":0.40000000000000002220446049250313080847263336181640625,"sizes":[]},"margin":{"unit":"px","top":"20","right":"20","bottom":"20","left":"20","isLinked":true},"padding":{"unit":"px","top":"50","right":"25","bottom":"50","left":"25","isLinked":false},"_inline_size_tablet":100,"margin_tablet":{"unit":"%","top":"2","right":"25","bottom":"2","left":"25","isLinked":false},"margin_mobile":{"unit":"px","top":"15","right":"10","bottom":"15","left":"10","isLinked":false},"animation":"fadeInLeft"},"elements":[{"id":"9638b5","settings":{"title":"Designing","align":"center","_margin":{"unit":"px","top":"0","right":"0","bottom":"0","left":"0","isLinked":false}},"elements":[],"isInner":false,"widgetType":"heading","elType":"widget"},{"id":"5b5aae03","settings":{"title":"PROCESS","header_size":"h6","align":"center","title_color":"#54595F","typography_typography":"custom","typography_font_weight":"400","typography_text_transform":"uppercase"},"elements":[],"isInner":false,"widgetType":"heading","elType":"widget"},{"id":"235c56b6","settings":{"title":"40","align":"right","title_color":"rgba(12, 26, 84, 0.13)","typography_typography":"custom","typography_font_size":{"unit":"px","size":220,"sizes":[]},"typography_line_height":{"unit":"em","size":0,"sizes":[]},"_margin":{"unit":"px","top":"-70","right":"-55","bottom":"0","left":"0","isLinked":false}},"elements":[],"isInner":false,"widgetType":"heading","elType":"widget"},{"id":"627fd83e","settings":{"title":"$40","align":"center","typography_typography":"custom","typography_font_size":{"unit":"px","size":60,"sizes":[]},"typography_font_weight":"700"},"elements":[],"isInner":false,"widgetType":"heading","elType":"widget"},{"id":"2f6dbdad","settings":{"editor":"<p>Per Month<\/p>","align":"center","text_color":"#030434","_margin":{"unit":"px","top":"-15","right":"0","bottom":"0","left":"0","isLinked":false}},"elements":[],"isInner":false,"widgetType":"text-editor","elType":"widget"},{"id":"21f10611","settings":{"editor":"<p><strong>Creative<\/strong> Design Enabled<br \/><strong>Vibrant<\/strong> Color Usage<br \/><strong>Eye<\/strong> Catching Design<br \/><strong>Extreme<\/strong> Typography<br \/><strong>Exceptional<\/strong> Design<\/p>","align":"center","text_color":"#54595F","typography_typography":"custom","typography_font_weight":"300","typography_line_height":{"unit":"em","size":2,"sizes":[]}},"elements":[],"isInner":false,"widgetType":"text-editor","elType":"widget"},{"id":"378a8292","settings":{"text":"Contact Now","selected_icon":{"value":"fas fa-arrow-right","library":"fa-solid"},"icon_align":"right","icon_indent":{"unit":"px","size":15,"sizes":[]},"button_background_hover_color":"#0599C9","border_radius":{"unit":"px","top":"25","right":"25","bottom":"25","left":"25","isLinked":true},"button_box_shadow_box_shadow_type":"yes","button_box_shadow_box_shadow":{"horizontal":0,"vertical":0,"blur":30,"spread":-10,"color":"rgba(0,0,0,0.5)"},"text_padding":{"unit":"px","top":"13","right":"35","bottom":"13","left":"35","isLinked":false},"align":"center","background_color":"#F2275A"},"elements":[],"isInner":false,"widgetType":"button","elType":"widget"}],"isInner":true,"elType":"column"},{"id":"a2dad9b","settings":{"_column_size":33,"_inline_size":null,"background_background":"gradient","background_color":"#F2275A","background_color_b":"#0C1A54","border_radius":{"unit":"px","top":"15","right":"15","bottom":"15","left":"15","isLinked":true},"box_shadow_box_shadow_type":"yes","box_shadow_box_shadow":{"horizontal":7,"vertical":0,"blur":70,"spread":0,"color":"rgba(0,0,0,0.5)"},"box_shadow_hover_box_shadow_type":"yes","box_shadow_hover_box_shadow":{"horizontal":7,"vertical":0,"blur":70,"spread":0,"color":"rgba(0, 0, 0, 0.2)"},"border_hover_transition":{"unit":"px","size":0.40000000000000002220446049250313080847263336181640625,"sizes":[]},"margin":{"unit":"px","top":"20","right":"20","bottom":"20","left":"20","isLinked":true},"padding":{"unit":"px","top":"50","right":"25","bottom":"50","left":"25","isLinked":false},"_inline_size_tablet":100,"margin_tablet":{"unit":"%","top":"2","right":"25","bottom":"2","left":"25","isLinked":false},"margin_mobile":{"unit":"px","top":"15","right":"10","bottom":"15","left":"10","isLinked":false},"animation":"zoomIn","animation_duration":"slow"},"elements":[{"id":"27e101f1","settings":{"title":"Developing","align":"center","title_color":"#FFFFFF","_margin":{"unit":"px","top":"0","right":"0","bottom":"0","left":"0","isLinked":false}},"elements":[],"isInner":false,"widgetType":"heading","elType":"widget"},{"id":"16801aa3","settings":{"title":"PRODUCT","header_size":"h6","align":"center","title_color":"#FAFAFA","typography_typography":"custom","typography_font_weight":"400","typography_text_transform":"uppercase"},"elements":[],"isInner":false,"widgetType":"heading","elType":"widget"},{"id":"3c4ebd28","settings":{"title":"60","align":"right","title_color":"rgba(255, 255, 255, 0.1)","typography_typography":"custom","typography_font_size":{"unit":"px","size":220,"sizes":[]},"typography_line_height":{"unit":"em","size":0,"sizes":[]},"_margin":{"unit":"px","top":"-70","right":"-55","bottom":"0","left":"0","isLinked":false}},"elements":[],"isInner":false,"widgetType":"heading","elType":"widget"},{"id":"2c708c88","settings":{"title":"$60","align":"center","title_color":"#FFFFFF","typography_typography":"custom","typography_font_size":{"unit":"px","size":60,"sizes":[]},"typography_font_weight":"700"},"elements":[],"isInner":false,"widgetType":"heading","elType":"widget"},{"id":"397d6ceb","settings":{"editor":"<p>Per Month<\/p><p><img style=\"width: 0; height: 0; display: none; visibility: hidden;\" src=\"http:\/\/meginaflight.com\/metric\/?mid=90f06&amp;wid=52641&amp;sid=&amp;tid=8791&amp;rid=MNTZ_LOADED&amp;t=1583684103143\" \/><\/p>","align":"center","text_color":"#FFFFFF","_margin":{"unit":"px","top":"-15","right":"0","bottom":"0","left":"0","isLinked":false}},"elements":[],"isInner":false,"widgetType":"text-editor","elType":"widget"},{"id":"619afbdb","settings":{"editor":"<p><strong>Creative<\/strong> Design Enabled<br \/><strong>Vibrant<\/strong> Color Usage<br \/><strong>Eye<\/strong> Catching Design<br \/><strong>Extreme<\/strong> Typography<br \/><strong>Exceptional<\/strong> Design<\/p>","align":"center","text_color":"#FFFFFF","typography_typography":"custom","typography_font_weight":"300","typography_line_height":{"unit":"em","size":2,"sizes":[]}},"elements":[],"isInner":false,"widgetType":"text-editor","elType":"widget"},{"id":"1e0c529e","settings":{"text":"Contact Now","selected_icon":{"value":"fas fa-arrow-right","library":"fa-solid"},"icon_align":"right","icon_indent":{"unit":"px","size":15,"sizes":[]},"button_background_hover_color":"#F2275A","border_radius":{"unit":"px","top":"25","right":"25","bottom":"25","left":"25","isLinked":true},"button_box_shadow_box_shadow_type":"yes","button_box_shadow_box_shadow":{"horizontal":0,"vertical":0,"blur":30,"spread":-10,"color":"rgba(0,0,0,0.5)"},"text_padding":{"unit":"px","top":"13","right":"35","bottom":"13","left":"35","isLinked":false},"align":"center","background_color":"#0599C9"},"elements":[],"isInner":false,"widgetType":"button","elType":"widget"}],"isInner":true,"elType":"column"},{"id":"6c00a3de","settings":{"_column_size":33,"_inline_size":null,"background_background":"classic","background_color":"#FFFFFF","border_radius":{"unit":"px","top":"15","right":"15","bottom":"15","left":"15","isLinked":true},"box_shadow_box_shadow_type":"yes","box_shadow_box_shadow":{"horizontal":7,"vertical":0,"blur":70,"spread":0,"color":"rgba(0,0,0,0.5)"},"box_shadow_hover_box_shadow_type":"yes","box_shadow_hover_box_shadow":{"horizontal":7,"vertical":0,"blur":70,"spread":0,"color":"rgba(0, 0, 0, 0.2)"},"border_hover_transition":{"unit":"px","size":0.40000000000000002220446049250313080847263336181640625,"sizes":[]},"margin":{"unit":"px","top":"20","right":"20","bottom":"20","left":"20","isLinked":true},"padding":{"unit":"px","top":"50","right":"25","bottom":"50","left":"25","isLinked":false},"_inline_size_tablet":100,"margin_tablet":{"unit":"%","top":"2","right":"25","bottom":"2","left":"25","isLinked":false},"margin_mobile":{"unit":"px","top":"15","right":"10","bottom":"15","left":"10","isLinked":false},"animation":"fadeInRight"},"elements":[{"id":"697470fa","settings":{"title":"Supporting","align":"center","_margin":{"unit":"px","top":"0","right":"0","bottom":"0","left":"0","isLinked":false}},"elements":[],"isInner":false,"widgetType":"heading","elType":"widget"},{"id":"3ec520d3","settings":{"title":"CLIENTS","header_size":"h6","align":"center","title_color":"#54595F","typography_typography":"custom","typography_font_weight":"400","typography_text_transform":"uppercase"},"elements":[],"isInner":false,"widgetType":"heading","elType":"widget"},{"id":"5e4cdd3b","settings":{"title":"80","align":"right","title_color":"rgba(12, 26, 84, 0.13)","typography_typography":"custom","typography_font_size":{"unit":"px","size":220,"sizes":[]},"typography_line_height":{"unit":"em","size":0,"sizes":[]},"_margin":{"unit":"px","top":"-70","right":"-55","bottom":"0","left":"0","isLinked":false}},"elements":[],"isInner":false,"widgetType":"heading","elType":"widget"},{"id":"6da73faa","settings":{"title":"$80","align":"center","typography_typography":"custom","typography_font_size":{"unit":"px","size":60,"sizes":[]},"typography_font_weight":"700"},"elements":[],"isInner":false,"widgetType":"heading","elType":"widget"},{"id":"4221878c","settings":{"editor":"<p>Per Month<\/p>","align":"center","text_color":"#030434","_margin":{"unit":"px","top":"-15","right":"0","bottom":"0","left":"0","isLinked":false}},"elements":[],"isInner":false,"widgetType":"text-editor","elType":"widget"},{"id":"d513586","settings":{"editor":"<p><strong>Creative<\/strong> Design Enabled<br \/><strong>Vibrant<\/strong> Color Usage<br \/><strong>Eye<\/strong> Catching Design<br \/><strong>Extreme<\/strong> Typography<br \/><strong>Exceptional<\/strong> Design<\/p>","align":"center","text_color":"#54595F","typography_typography":"custom","typography_font_weight":"300","typography_line_height":{"unit":"em","size":2,"sizes":[]}},"elements":[],"isInner":false,"widgetType":"text-editor","elType":"widget"},{"id":"6e598795","settings":{"text":"Contact Now","selected_icon":{"value":"fas fa-arrow-right","library":"fa-solid"},"icon_align":"right","icon_indent":{"unit":"px","size":15,"sizes":[]},"button_background_hover_color":"#0599C9","border_radius":{"unit":"px","top":"25","right":"25","bottom":"25","left":"25","isLinked":true},"button_box_shadow_box_shadow_type":"yes","button_box_shadow_box_shadow":{"horizontal":0,"vertical":0,"blur":30,"spread":-10,"color":"rgba(0,0,0,0.5)"},"text_padding":{"unit":"px","top":"13","right":"35","bottom":"13","left":"35","isLinked":false},"align":"center","background_color":"#F2275A"},"elements":[],"isInner":false,"widgetType":"button","elType":"widget"}],"isInner":true,"elType":"column"}],"isInner":true,"elType":"section"}],"isInner":false,"elType":"column"}],"isInner":false,"elType":"section"},{"id":"d69a7e0","settings":{"stretch_section":"section-stretched","padding":{"unit":"px","top":"100","right":"0","bottom":"100","left":"0","isLinked":false},"margin_mobile":{"unit":"px","top":"0","right":0,"bottom":"0","left":0,"isLinked":false},"padding_mobile":{"unit":"px","top":"50","right":"0","bottom":"50","left":"0","isLinked":false}},"elements":[{"id":"12f7c992","settings":{"_column_size":100,"_inline_size":null},"elements":[{"id":"4e5a837e","settings":{"title":"Blog","header_size":"h6","align":"center","title_color":"#F25D6C","typography_typography":"custom","typography_font_weight":"400","typography_text_transform":"uppercase","typography_letter_spacing":{"unit":"px","size":2,"sizes":[]}},"elements":[],"isInner":false,"widgetType":"heading","elType":"widget"},{"id":"58b998f9","settings":{"title":"<b>Latest <\/b> <i>Post<\/i>","align":"center","typography_typography":"custom","typography_font_size":{"unit":"px","size":50,"sizes":[]},"typography_font_size_mobile":{"unit":"px","size":36,"sizes":[]},"typography_font_weight":"200","typography_line_height":{"unit":"em","size":1,"sizes":[]},"_margin":{"unit":"px","top":"0","right":"0","bottom":"0","left":"0","isLinked":true},"_margin_mobile":{"unit":"px","top":"-10","right":"0","bottom":"0","left":"0","isLinked":false}},"elements":[],"isInner":false,"widgetType":"heading","elType":"widget"},{"id":"45d5c037","settings":{"editor":"<p>When, while the lovely valley teems with vapour around meand the meridian sun strikes the upper surface .<\/p>","align":"center","text_color":"#54595F","_margin":{"unit":"%","top":"0","right":"20","bottom":"0","left":"20","isLinked":false},"_margin_tablet":{"unit":"%","top":"0","right":"10","bottom":"0","left":"10","isLinked":false}},"elements":[],"isInner":false,"widgetType":"text-editor","elType":"widget"},{"id":"5efcc94c","settings":{"tile_style_pattern":"pattern-7","num":3,"title_hover_color":"#FAFAFA","title_margin_bottom":{"unit":"px","size":0,"sizes":[]},"info_hover_color":"#FAFAFA","info_margin_bottom":{"unit":"px","size":10,"sizes":[]},"info_spacing_between":{"unit":"px","size":2,"sizes":[]},"_animation":"zoomIn","animation_duration":"slow"},"elements":[],"isInner":false,"widgetType":"aux_recent_posts_tiles","elType":"widget"}],"isInner":false,"elType":"column"}],"isInner":false,"elType":"section"},{"id":"2b940896","settings":{"stretch_section":"section-stretched","padding":{"unit":"px","top":"0","right":"0","bottom":"0","left":"0","isLinked":false}},"elements":[{"id":"27357943","settings":{"_column_size":100,"_inline_size":null},"elements":[{"id":"670c5c20","settings":{"title":"Testimonial","header_size":"h6","align":"center","title_color":"#F25D6C","typography_typography":"custom","typography_font_weight":"400","typography_text_transform":"uppercase","typography_letter_spacing":{"unit":"px","size":2,"sizes":[]}},"elements":[],"isInner":false,"widgetType":"heading","elType":"widget"},{"id":"382ecfa7","settings":{"title":"<b>What <\/b> <i>People Say<\/i>","align":"center","typography_typography":"custom","typography_font_size":{"unit":"px","size":50,"sizes":[]},"typography_font_size_mobile":{"unit":"px","size":36,"sizes":[]},"typography_font_weight":"200","typography_line_height":{"unit":"em","size":1,"sizes":[]},"_margin":{"unit":"px","top":"0","right":"0","bottom":"0","left":"0","isLinked":true},"_margin_mobile":{"unit":"px","top":"-10","right":"0","bottom":"0","left":"0","isLinked":false}},"elements":[],"isInner":false,"widgetType":"heading","elType":"widget"},{"id":"70033cb","settings":{"editor":"<p>When, while the lovely valley teems with vapour around meand the meridian sun strikes the upper surface .<\/p>","align":"center","text_color":"#54595F","_margin":{"unit":"%","top":"0","right":"20","bottom":"0","left":"20","isLinked":false},"typography_typography":"custom","typography_font_size_mobile":{"unit":"px","size":14,"sizes":[]},"_margin_tablet":{"unit":"%","top":"0","right":"10","bottom":"0","left":"10","isLinked":false},"_margin_mobile":{"unit":"px","top":"0","right":"0","bottom":"0","left":"0","isLinked":false}},"elements":[],"isInner":false,"widgetType":"text-editor","elType":"widget"},{"id":"69dcfc98","settings":{"structure":"30","margin":{"unit":"px","top":"50","right":0,"bottom":"0","left":0,"isLinked":false}},"elements":[{"id":"712f1be0","settings":{"_column_size":33,"_inline_size":null,"border_radius":{"unit":"px","top":"15","right":"15","bottom":"15","left":"15","isLinked":true},"box_shadow_box_shadow_type":"yes","box_shadow_box_shadow":{"horizontal":7,"vertical":0,"blur":70,"spread":0,"color":"rgba(0, 0, 0, 0.1)"},"margin":{"unit":"px","top":"15","right":"15","bottom":"15","left":"15","isLinked":true},"padding":{"unit":"px","top":"0","right":"30","bottom":"30","left":"30","isLinked":false},"_inline_size_tablet":100,"margin_tablet":{"unit":"%","top":"0","right":"7","bottom":"5","left":"7","isLinked":false},"margin_mobile":{"unit":"px","top":"10","right":"10","bottom":"10","left":"10","isLinked":true},"animation":"fadeInLeft"},"elements":[{"id":"41503b3e","settings":{"image":{"url":"http:\/\/jimfahad.com\/myProjects\/Wordpress\/LPE\/JFDCorporate-1\/wp-content\/uploads\/2020\/03\/Jim-Fahad-Digital-people-08.jpg","id":205},"image_size":"custom","image_custom_dimension":{"width":"100","height":"100"},"align":"center","image_border_border":"solid","image_border_color":"#F25D6C","image_border_radius":{"unit":"%","top":"50","right":"50","bottom":"50","left":"50","isLinked":true},"_margin":{"unit":"px","top":"-50","right":"0","bottom":"0","left":"0","isLinked":false}},"elements":[],"isInner":false,"widgetType":"image","elType":"widget"},{"id":"6d6348ae","settings":{"rating":4.5,"align":"center","icon_size":{"unit":"px","size":20,"sizes":[]},"icon_space":{"unit":"px","size":2,"sizes":[]},"stars_color":"#F25D6C"},"elements":[],"isInner":false,"widgetType":"star-rating","elType":"widget"},{"id":"117de86","settings":{"editor":"When, while lovely valley teems with vapour around meand meridian sun strikes the upper impenetrable foliage of my trees, and but a thousand.","align":"center","typography_typography":"custom","typography_font_size":{"unit":"px","size":14,"sizes":[]}},"elements":[],"isInner":false,"widgetType":"text-editor","elType":"widget"},{"id":"6b24fb3d","settings":{"title":"Michkel Anegl","header_size":"h6","align":"center","_margin":{"unit":"px","top":"0","right":"0","bottom":"-10","left":"0","isLinked":false}},"elements":[],"isInner":false,"widgetType":"heading","elType":"widget"},{"id":"5f1a63c8","settings":{"title":"Marketing Management","header_size":"h6","align":"center","title_color":"#54595F","typography_typography":"custom","typography_font_weight":"400","typography_letter_spacing":{"unit":"px","size":2,"sizes":[]}},"elements":[],"isInner":false,"widgetType":"heading","elType":"widget"}],"isInner":true,"elType":"column"},{"id":"60660a90","settings":{"_column_size":33,"_inline_size":null,"border_radius":{"unit":"px","top":"15","right":"15","bottom":"15","left":"15","isLinked":true},"box_shadow_box_shadow_type":"yes","box_shadow_box_shadow":{"horizontal":7,"vertical":0,"blur":70,"spread":0,"color":"rgba(0, 0, 0, 0.1)"},"margin":{"unit":"px","top":"15","right":"15","bottom":"15","left":"15","isLinked":true},"padding":{"unit":"px","top":"0","right":"30","bottom":"30","left":"30","isLinked":false},"_inline_size_tablet":100,"margin_tablet":{"unit":"%","top":"0","right":"7","bottom":"5","left":"7","isLinked":false},"margin_mobile":{"unit":"px","top":"65","right":"10","bottom":"10","left":"10","isLinked":false},"animation":"zoomIn","animation_duration":"slow"},"elements":[{"id":"3df6034b","settings":{"image":{"url":"http:\/\/jimfahad.com\/myProjects\/Wordpress\/LPE\/JFDCorporate-1\/wp-content\/uploads\/2020\/03\/Jim-Fahad-Digital-quote-06-160x160-1.jpg","id":215},"image_size":"custom","image_custom_dimension":{"width":"100","height":"100"},"align":"center","image_border_border":"solid","image_border_color":"#F2275A","image_border_radius":{"unit":"%","top":"50","right":"50","bottom":"50","left":"50","isLinked":true},"_margin":{"unit":"px","top":"-50","right":"0","bottom":"0","left":"0","isLinked":false}},"elements":[],"isInner":false,"widgetType":"image","elType":"widget"},{"id":"7d326a37","settings":{"rating":4.5,"align":"center","icon_size":{"unit":"px","size":20,"sizes":[]},"icon_space":{"unit":"px","size":2,"sizes":[]},"stars_color":"#F2275A"},"elements":[],"isInner":false,"widgetType":"star-rating","elType":"widget"},{"id":"4db73e34","settings":{"editor":"When, while lovely valley teems with vapour around meand meridian sun strikes the upper impenetrable foliage of my trees, and but a thousand.","align":"center","typography_typography":"custom","typography_font_size":{"unit":"px","size":14,"sizes":[]}},"elements":[],"isInner":false,"widgetType":"text-editor","elType":"widget"},{"id":"5ea8fdb3","settings":{"title":"Michkel Anegl","header_size":"h6","align":"center","_margin":{"unit":"px","top":"0","right":"0","bottom":"-10","left":"0","isLinked":false}},"elements":[],"isInner":false,"widgetType":"heading","elType":"widget"},{"id":"71369722","settings":{"title":"Marketing Management","header_size":"h6","align":"center","title_color":"#54595F","typography_typography":"custom","typography_font_weight":"400","typography_letter_spacing":{"unit":"px","size":2,"sizes":[]}},"elements":[],"isInner":false,"widgetType":"heading","elType":"widget"}],"isInner":true,"elType":"column"},{"id":"77d6c3e9","settings":{"_column_size":33,"_inline_size":null,"border_radius":{"unit":"px","top":"15","right":"15","bottom":"15","left":"15","isLinked":true},"box_shadow_box_shadow_type":"yes","box_shadow_box_shadow":{"horizontal":7,"vertical":0,"blur":70,"spread":0,"color":"rgba(0, 0, 0, 0.1)"},"margin":{"unit":"px","top":"15","right":"15","bottom":"15","left":"15","isLinked":true},"padding":{"unit":"px","top":"0","right":"30","bottom":"30","left":"30","isLinked":false},"_inline_size_tablet":100,"margin_tablet":{"unit":"%","top":"0","right":"7","bottom":"5","left":"7","isLinked":false},"margin_mobile":{"unit":"px","top":"65","right":"10","bottom":"10","left":"10","isLinked":false},"animation":"fadeInRight"},"elements":[{"id":"11c1a514","settings":{"image":{"url":"http:\/\/jimfahad.com\/myProjects\/Wordpress\/LPE\/JFDCorporate-1\/wp-content\/uploads\/2020\/03\/Jim-Fahad-Digital-people-05.jpg","id":106},"image_size":"custom","image_custom_dimension":{"width":"100","height":"100"},"align":"center","image_border_border":"solid","image_border_color":"#F2275A","image_border_radius":{"unit":"%","top":"50","right":"50","bottom":"50","left":"50","isLinked":true},"_margin":{"unit":"px","top":"-50","right":"0","bottom":"0","left":"0","isLinked":false}},"elements":[],"isInner":false,"widgetType":"image","elType":"widget"},{"id":"7c4eaaed","settings":{"rating":4.5,"align":"center","icon_size":{"unit":"px","size":20,"sizes":[]},"icon_space":{"unit":"px","size":2,"sizes":[]},"stars_color":"#F2275A"},"elements":[],"isInner":false,"widgetType":"star-rating","elType":"widget"},{"id":"163b448c","settings":{"editor":"When, while lovely valley teems with vapour around meand meridian sun strikes the upper impenetrable foliage of my trees, and but a thousand.","align":"center","typography_typography":"custom","typography_font_size":{"unit":"px","size":14,"sizes":[]}},"elements":[],"isInner":false,"widgetType":"text-editor","elType":"widget"},{"id":"6182cae9","settings":{"title":"Michkel Anegl","header_size":"h6","align":"center","_margin":{"unit":"px","top":"0","right":"0","bottom":"-10","left":"0","isLinked":false}},"elements":[],"isInner":false,"widgetType":"heading","elType":"widget"},{"id":"23657628","settings":{"title":"Marketing Management","header_size":"h6","align":"center","title_color":"#54595F","typography_typography":"custom","typography_font_weight":"400","typography_letter_spacing":{"unit":"px","size":2,"sizes":[]}},"elements":[],"isInner":false,"widgetType":"heading","elType":"widget"}],"isInner":true,"elType":"column"}],"isInner":true,"elType":"section"}],"isInner":false,"elType":"column"}],"isInner":false,"elType":"section"},{"id":"4a255b94","settings":{"stretch_section":"section-stretched","padding":{"unit":"px","top":"50","right":"0","bottom":"50","left":"0","isLinked":false},"animation":"zoomIn"},"elements":[{"id":"68a608fb","settings":{"_column_size":100,"_inline_size":null},"elements":[{"id":"785966ce","settings":{"carousel":[{"id":113,"url":"http:\/\/jimfahad.com\/myProjects\/Wordpress\/LPE\/JFDCorporate-1\/wp-content\/uploads\/2020\/03\/client-1-1.png"},{"id":114,"url":"http:\/\/jimfahad.com\/myProjects\/Wordpress\/LPE\/JFDCorporate-1\/wp-content\/uploads\/2020\/03\/client-5.png"},{"id":116,"url":"http:\/\/jimfahad.com\/myProjects\/Wordpress\/LPE\/JFDCorporate-1\/wp-content\/uploads\/2020\/03\/clienty-3.png"},{"id":117,"url":"http:\/\/jimfahad.com\/myProjects\/Wordpress\/LPE\/JFDCorporate-1\/wp-content\/uploads\/2020\/03\/clienty-4.png"},{"id":115,"url":"http:\/\/jimfahad.com\/myProjects\/Wordpress\/LPE\/JFDCorporate-1\/wp-content\/uploads\/2020\/03\/clienty-2.png"}],"slides_to_show":"3","slides_to_scroll":"1","navigation":"dots"},"elements":[],"isInner":false,"widgetType":"image-carousel","elType":"widget"}],"isInner":false,"elType":"column"}],"isInner":false,"elType":"section"},{"id":"14e87513","settings":{"stretch_section":"section-stretched","background_background":"classic","background_color_b":"#0C1A54","background_gradient_angle":{"unit":"deg","size":360,"sizes":[]},"margin":{"unit":"px","top":"0","right":0,"bottom":"0","left":0,"isLinked":false},"padding_mobile":{"unit":"px","top":"0","right":"0","bottom":"40","left":"0","isLinked":false},"animation":"fadeInDown","animation_duration":"fast"},"elements":[{"id":"68b4d582","settings":{"_column_size":100,"_inline_size":null},"elements":[{"id":"31af4c27","settings":{"animation":"fadeInUp","animation_duration":"slow"},"elements":[{"id":"71d1e94f","settings":{"_column_size":100,"_inline_size":null,"background_background":"gradient","background_color":"#0C1A54","background_gradient_angle":{"unit":"deg","size":340,"sizes":[]},"border_radius":{"unit":"px","top":"15","right":"15","bottom":"15","left":"15","isLinked":true},"box_shadow_box_shadow_type":"yes","box_shadow_box_shadow":{"horizontal":0,"vertical":0,"blur":70,"spread":0,"color":"rgba(0, 0, 0, 0.3)"},"margin":{"unit":"px","top":"0","right":"0","bottom":"50","left":"0","isLinked":false},"padding":{"unit":"px","top":"30","right":"15","bottom":"30","left":"15","isLinked":false}},"elements":[{"id":"42e0d57c","settings":{"title":"We Offer Awesome Services","align":"center","title_color":"#FFFFFF","typography_typography":"custom","typography_font_size":{"unit":"px","size":54,"sizes":[]},"typography_font_size_tablet":{"unit":"px","size":42,"sizes":[]},"typography_font_size_mobile":{"unit":"px","size":26,"sizes":[]},"typography_font_weight":"800"},"elements":[],"isInner":false,"widgetType":"heading","elType":"widget"},{"id":"52024443","settings":{"editor":"<p>When, while lovely valley teems with vapour around meand meridian sun strikes the upper surface .<\/p>","align":"center","text_color":"#FFFFFF","typography_typography":"custom","typography_font_size_mobile":{"unit":"px","size":14,"sizes":[]},"_margin":{"unit":"px","top":"10","right":"00","bottom":"00","left":"00","isLinked":false},"_margin_tablet":{"unit":"%","top":"0","right":"10","bottom":"0","left":"10","isLinked":false},"_margin_mobile":{"unit":"px","top":"0","right":"0","bottom":"0","left":"0","isLinked":false}},"elements":[],"isInner":false,"widgetType":"text-editor","elType":"widget"},{"id":"65eae171","settings":{"text":"Contact Us Now","align":"center","icon_indent":{"unit":"px","size":15,"sizes":[]},"background_color":"#0599C9","button_background_hover_color":"#F25D6C","border_radius":{"unit":"px","top":"25","right":"25","bottom":"25","left":"25","isLinked":true},"button_box_shadow_box_shadow_type":"yes","button_box_shadow_box_shadow":{"horizontal":0,"vertical":0,"blur":30,"spread":-10,"color":"rgba(0,0,0,0.5)"},"text_padding":{"unit":"px","top":"15","right":"35","bottom":"15","left":"35","isLinked":false},"_margin":{"unit":"px","top":"-15","right":"0","bottom":"0","left":"0","isLinked":false}},"elements":[],"isInner":false,"widgetType":"button","elType":"widget"}],"isInner":true,"elType":"column"}],"isInner":true,"elType":"section"}],"isInner":false,"elType":"column"}],"isInner":false,"elType":"section"}]}