{"version":"0.4","title":"JFD Corporate &#8211; ABOUT","type":"page","content":[{"id":"46f5e309","settings":[],"elements":[{"id":"266d6f8","settings":{"_column_size":100,"_inline_size":null},"elements":[],"isInner":false,"elType":"column"}],"isInner":false,"elType":"section"},{"id":"4f31fe4a","settings":{"stretch_section":"section-stretched","height":"min-height","custom_height":{"unit":"vh","size":40,"sizes":[]},"background_background":"classic","background_color":"#030434","background_color_b":"#0C1A54","background_gradient_angle":{"unit":"deg","size":150,"sizes":[]},"padding":{"unit":"px","top":"50","right":"0","bottom":"50","left":"0","isLinked":false},"background_overlay_background":"gradient","background_overlay_color":"#030434","background_overlay_color_b":"#0C1A54","background_overlay_gradient_angle":{"unit":"deg","size":100,"sizes":[]},"background_overlay_opacity":{"unit":"px","size":0.59999999999999997779553950749686919152736663818359375,"sizes":[]},"background_position":"center center","background_repeat":"no-repeat","background_size":"cover","custom_height_tablet":{"unit":"vw","size":40,"sizes":[]},"custom_height_mobile":{"unit":"vh","size":40,"sizes":[]}},"elements":[{"id":"661889c8","settings":{"_column_size":100,"_inline_size":null,"padding_tablet":{"unit":"px","top":"15","right":"15","bottom":"15","left":"15","isLinked":true}},"elements":[{"id":"2dcc0704","settings":{"title":"About Us","header_size":"h6","align":"left","title_color":"#F25D6C","typography_typography":"custom","typography_font_weight":"400","typography_text_transform":"uppercase","typography_letter_spacing":{"unit":"px","size":2,"sizes":[]}},"elements":[],"isInner":false,"widgetType":"heading","elType":"widget"},{"id":"35d9f003","settings":{"title":"Good Planning ","title_color":"#FFFFFF","typography_typography":"custom","typography_font_size":{"unit":"px","size":60,"sizes":[]},"typography_font_weight":"800","typography_line_height":{"unit":"em","size":0.8000000000000000444089209850062616169452667236328125,"sizes":[]},"typography_letter_spacing":{"unit":"px","size":1.5,"sizes":[]},"_margin":{"unit":"px","top":"0","right":"0","bottom":"0","left":"0","isLinked":true},"align":"left","align_mobile":"left","typography_font_size_mobile":{"unit":"px","size":28,"sizes":[]},"typography_line_height_mobile":{"unit":"em","size":1,"sizes":[]},"_animation":"fadeInLeft","animation_duration":"slow","_animation_delay":1000},"elements":[],"isInner":false,"widgetType":"heading","elType":"widget"},{"id":"89079e5","settings":{"title":"Good Business","title_color":"#FFFFFF","typography_typography":"custom","typography_font_size":{"unit":"px","size":60,"sizes":[]},"typography_font_weight":"200","typography_line_height":{"unit":"em","size":0.8000000000000000444089209850062616169452667236328125,"sizes":[]},"typography_letter_spacing":{"unit":"px","size":1.5,"sizes":[]},"_margin":{"unit":"px","top":"0","right":"0","bottom":"0","left":"0","isLinked":true},"align":"left","align_mobile":"left","typography_font_size_mobile":{"unit":"px","size":36,"sizes":[]},"typography_line_height_mobile":{"unit":"em","size":1,"sizes":[]},"_margin_mobile":{"unit":"px","top":"-10","right":"0","bottom":"0","left":"0","isLinked":false},"_animation":"fadeInRight","animation_duration":"slow","_animation_delay":1000},"elements":[],"isInner":false,"widgetType":"heading","elType":"widget"}],"isInner":false,"elType":"column"}],"isInner":false,"elType":"section"},{"id":"2fbe46d3","settings":{"stretch_section":"section-stretched","structure":"30","margin_mobile":{"unit":"px","top":"0","right":0,"bottom":"0","left":0,"isLinked":false},"padding":{"unit":"px","top":"100","right":"0","bottom":"100","left":"0","isLinked":false},"padding_mobile":{"unit":"px","top":"50","right":"0","bottom":"50","left":"0","isLinked":false}},"elements":[{"id":"40725f39","settings":{"_column_size":33,"_inline_size":49.33200000000000073896444519050419330596923828125,"_inline_size_tablet":100,"content_position":"center","padding":{"unit":"px","top":"10","right":"10","bottom":"10","left":"10","isLinked":true},"padding_tablet":{"unit":"px","top":"15","right":"15","bottom":"15","left":"15","isLinked":true},"animation":"fadeInUp","animation_duration":"slow"},"elements":[{"id":"511cdf0","settings":{"title":"Our Values","header_size":"h6","align":"left","title_color":"#F25D6C","typography_typography":"custom","typography_font_weight":"400","typography_text_transform":"uppercase","typography_letter_spacing":{"unit":"px","size":2,"sizes":[]}},"elements":[],"isInner":false,"widgetType":"heading","elType":"widget"},{"id":"367e95db","settings":{"title":"We Work to Understand ","title_color":"#0C1A54","typography_typography":"custom","typography_font_size":{"unit":"px","size":43,"sizes":[]},"typography_font_weight":"800","typography_line_height":{"unit":"em","size":0.8000000000000000444089209850062616169452667236328125,"sizes":[]},"typography_letter_spacing":{"unit":"px","size":1.5,"sizes":[]},"_margin":{"unit":"px","top":"0","right":"0","bottom":"0","left":"0","isLinked":true},"align":"left","align_mobile":"left","typography_font_size_mobile":{"unit":"px","size":28,"sizes":[]},"typography_line_height_mobile":{"unit":"em","size":1,"sizes":[]},"typography_font_size_tablet":{"unit":"px","size":37,"sizes":[]}},"elements":[],"isInner":false,"widgetType":"heading","elType":"widget"},{"id":"5ad06055","settings":{"title":"Our Customer","title_color":"#54595F","typography_typography":"custom","typography_font_size":{"unit":"px","size":60,"sizes":[]},"typography_font_weight":"200","typography_line_height":{"unit":"em","size":0.8000000000000000444089209850062616169452667236328125,"sizes":[]},"typography_letter_spacing":{"unit":"px","size":1.5,"sizes":[]},"_margin":{"unit":"px","top":"0","right":"0","bottom":"0","left":"0","isLinked":true},"align":"left","align_mobile":"left","typography_font_size_mobile":{"unit":"px","size":36,"sizes":[]},"typography_line_height_mobile":{"unit":"em","size":1,"sizes":[]},"_margin_mobile":{"unit":"px","top":"-10","right":"0","bottom":"0","left":"0","isLinked":false}},"elements":[],"isInner":false,"widgetType":"heading","elType":"widget"},{"id":"cead7fa","settings":{"editor":"<p>When, while lovely valley teems with vapour around meand meridian sun strikes the upper impenetrable foliage of my trees, and but a thousand unknown plants are noticed by when I hear the buzz the little world among the stalks, and grow familiar with the countless indescribable.<\/p>"},"elements":[],"isInner":false,"widgetType":"text-editor","elType":"widget"},{"id":"3026bf8f","settings":{"editor":"<p>forms of the insects and flies, then I feel the presence of the Almighty, who formed .<\/p>"},"elements":[],"isInner":false,"widgetType":"text-editor","elType":"widget"},{"id":"3db606ff","settings":{"text":"Try It Now","selected_icon":{"value":"fas fa-arrow-right","library":"fa-solid"},"icon_align":"right","icon_indent":{"unit":"px","size":15,"sizes":[]},"button_background_hover_color":"#0599C9","border_radius":{"unit":"px","top":"25","right":"25","bottom":"25","left":"25","isLinked":true},"button_box_shadow_box_shadow_type":"yes","button_box_shadow_box_shadow":{"horizontal":0,"vertical":0,"blur":30,"spread":-10,"color":"rgba(0,0,0,0.5)"},"text_padding":{"unit":"px","top":"15","right":"35","bottom":"15","left":"35","isLinked":false},"_margin_mobile":{"unit":"px","top":"0","right":"0","bottom":"10","left":"0","isLinked":false},"_padding_mobile":{"unit":"px","top":"0","right":"0","bottom":"0","left":"0","isLinked":false},"_margin":{"unit":"px","top":"50","right":"0","bottom":"0","left":"0","isLinked":false},"_margin_tablet":{"unit":"px","top":"0","right":"0","bottom":"0","left":"0","isLinked":false},"background_color":"#F2275A"},"elements":[],"isInner":false,"widgetType":"button","elType":"widget"}],"isInner":false,"elType":"column"},{"id":"4c357ce6","settings":{"_column_size":33,"_inline_size":25,"_inline_size_tablet":50},"elements":[{"id":"1ea0f5fb","settings":{"selected_icon":{"value":"fab fa-digital-ocean","library":"fa-brands"},"title_text":"Digital Marketing","description_text":"While the lovely valley teems with vapour around me, and the meridian sun strikes the upper surface.","primary_color":"#F2275A","icon_size":{"unit":"px","size":60,"sizes":[]},"text_align":"center","title_bottom_space":{"unit":"px","size":5,"sizes":[]},"title_typography_typography":"custom","title_typography_font_size":{"unit":"px","size":24,"sizes":[]},"title_typography_font_weight":"300","description_typography_typography":"custom","description_typography_font_size":{"unit":"px","size":14,"sizes":[]},"_margin":{"unit":"px","top":"100","right":"15","bottom":"15","left":"15","isLinked":false},"_margin_mobile":{"unit":"px","top":"20","right":"20","bottom":"20","left":"20","isLinked":true},"_padding":{"unit":"px","top":"15","right":"15","bottom":"15","left":"15","isLinked":true},"_border_radius":{"unit":"px","top":"15","right":"15","bottom":"15","left":"15","isLinked":true},"_box_shadow_box_shadow_type":"yes","_box_shadow_box_shadow":{"horizontal":7,"vertical":0,"blur":70,"spread":0,"color":"rgba(0, 0, 0, 0.1)"},"_animation":"fadeInUp"},"elements":[],"isInner":false,"widgetType":"icon-box","elType":"widget"},{"id":"b7f8621","settings":{"selected_icon":{"value":"fas fa-pen-nib","library":"fa-solid"},"title_text":"Digital Marketing","description_text":"While the lovely valley teems with vapour around me, and the meridian sun strikes the upper surface.","primary_color":"#F2275A","icon_size":{"unit":"px","size":60,"sizes":[]},"text_align":"center","title_bottom_space":{"unit":"px","size":5,"sizes":[]},"title_typography_typography":"custom","title_typography_font_size":{"unit":"px","size":24,"sizes":[]},"title_typography_font_weight":"300","description_typography_typography":"custom","description_typography_font_size":{"unit":"px","size":14,"sizes":[]},"_margin":{"unit":"px","top":"15","right":"15","bottom":"15","left":"15","isLinked":true},"_padding":{"unit":"px","top":"15","right":"15","bottom":"15","left":"15","isLinked":true},"_border_radius":{"unit":"px","top":"15","right":"15","bottom":"15","left":"15","isLinked":true},"_box_shadow_box_shadow_type":"yes","_box_shadow_box_shadow":{"horizontal":7,"vertical":0,"blur":70,"spread":0,"color":"rgba(0, 0, 0, 0.1)"},"_animation":"fadeInUp"},"elements":[],"isInner":false,"widgetType":"icon-box","elType":"widget"}],"isInner":false,"elType":"column"},{"id":"24381558","settings":{"_column_size":33,"_inline_size":25,"_inline_size_tablet":50},"elements":[{"id":"1d7acbda","settings":{"selected_icon":{"value":"fas fa-chess-queen","library":"fa-solid"},"title_text":"Branding","description_text":"While the lovely valley teems with vapour around me, and the meridian sun strikes the upper surface.","primary_color":"#F2275A","icon_size":{"unit":"px","size":60,"sizes":[]},"text_align":"center","title_bottom_space":{"unit":"px","size":5,"sizes":[]},"title_typography_typography":"custom","title_typography_font_size":{"unit":"px","size":24,"sizes":[]},"title_typography_font_weight":"300","description_typography_typography":"custom","description_typography_font_size":{"unit":"px","size":14,"sizes":[]},"_margin":{"unit":"px","top":"15","right":"15","bottom":"15","left":"15","isLinked":true},"_padding":{"unit":"px","top":"15","right":"15","bottom":"15","left":"15","isLinked":true},"_border_radius":{"unit":"px","top":"15","right":"15","bottom":"15","left":"15","isLinked":true},"_box_shadow_box_shadow_type":"yes","_box_shadow_box_shadow":{"horizontal":7,"vertical":0,"blur":70,"spread":0,"color":"rgba(0, 0, 0, 0.1)"},"_animation":"fadeInUp"},"elements":[],"isInner":false,"widgetType":"icon-box","elType":"widget"},{"id":"3312a4e5","settings":{"selected_icon":{"value":"fas fa-headset","library":"fa-solid"},"title_text":"Support 24\/7","description_text":"While the lovely valley teems with vapour around me, and the meridian sun strikes the upper surface.","primary_color":"#F2275A","icon_size":{"unit":"px","size":60,"sizes":[]},"text_align":"center","title_bottom_space":{"unit":"px","size":5,"sizes":[]},"title_typography_typography":"custom","title_typography_font_size":{"unit":"px","size":24,"sizes":[]},"title_typography_font_weight":"300","description_typography_typography":"custom","description_typography_font_size":{"unit":"px","size":14,"sizes":[]},"_margin":{"unit":"px","top":"15","right":"15","bottom":"15","left":"15","isLinked":true},"_padding":{"unit":"px","top":"15","right":"15","bottom":"15","left":"15","isLinked":true},"_border_radius":{"unit":"px","top":"15","right":"15","bottom":"15","left":"15","isLinked":true},"_box_shadow_box_shadow_type":"yes","_box_shadow_box_shadow":{"horizontal":7,"vertical":0,"blur":70,"spread":0,"color":"rgba(0, 0, 0, 0.1)"},"_animation":"fadeInUp"},"elements":[],"isInner":false,"widgetType":"icon-box","elType":"widget"}],"isInner":false,"elType":"column"}],"isInner":false,"elType":"section"},{"id":"5a9ef294","settings":{"stretch_section":"section-stretched","height":"min-height","custom_height":{"unit":"vh","size":70,"sizes":[]},"background_background":"classic","background_color":"#030434","background_color_b":"#0C1A54","background_gradient_angle":{"unit":"deg","size":150,"sizes":[]},"padding":{"unit":"px","top":"50","right":"0","bottom":"50","left":"0","isLinked":false},"structure":"20","background_overlay_background":"gradient","background_overlay_color":"#030434","background_overlay_color_b":"#0C1A54","background_overlay_gradient_angle":{"unit":"deg","size":280,"sizes":[]},"background_overlay_opacity":{"unit":"px","size":0.59999999999999997779553950749686919152736663818359375,"sizes":[]},"background_position":"center center","background_repeat":"no-repeat","background_size":"cover","custom_height_tablet":{"unit":"vh","size":46,"sizes":[]}},"elements":[{"id":"4801ac87","settings":{"_column_size":50,"_inline_size":40,"hide_tablet":"hidden-tablet","hide_mobile":"hidden-phone"},"elements":[],"isInner":false,"elType":"column"},{"id":"6657aeba","settings":{"_column_size":50,"_inline_size":60,"_inline_size_tablet":100,"animation":"fadeInRight"},"elements":[{"id":"4fb6f7a1","settings":{"title":"Start Your Project","header_size":"h6","align":"left","title_color":"#F25D6C","typography_typography":"custom","typography_font_weight":"400","typography_text_transform":"uppercase","typography_letter_spacing":{"unit":"px","size":2,"sizes":[]}},"elements":[],"isInner":false,"widgetType":"heading","elType":"widget"},{"id":"6e657c25","settings":{"title":"Grow Your Business","title_color":"#FFFFFF","typography_typography":"custom","typography_font_size":{"unit":"px","size":60,"sizes":[]},"typography_font_weight":"800","typography_line_height":{"unit":"em","size":0.8000000000000000444089209850062616169452667236328125,"sizes":[]},"typography_letter_spacing":{"unit":"px","size":1.5,"sizes":[]},"_margin":{"unit":"px","top":"0","right":"0","bottom":"0","left":"0","isLinked":true},"typography_font_size_mobile":{"unit":"px","size":24,"sizes":[]},"_margin_mobile":{"unit":"px","top":"-10","right":"0","bottom":"0","left":"0","isLinked":false}},"elements":[],"isInner":false,"widgetType":"heading","elType":"widget"},{"id":"175ddf7a","settings":{"title":"With Our Strategy","title_color":"#FFFFFF","typography_typography":"custom","typography_font_size":{"unit":"px","size":60,"sizes":[]},"typography_font_weight":"200","typography_line_height":{"unit":"em","size":0.8000000000000000444089209850062616169452667236328125,"sizes":[]},"typography_letter_spacing":{"unit":"px","size":1.5,"sizes":[]},"_margin":{"unit":"px","top":"0","right":"0","bottom":"0","left":"0","isLinked":true},"typography_font_size_mobile":{"unit":"px","size":32,"sizes":[]}},"elements":[],"isInner":false,"widgetType":"heading","elType":"widget"},{"id":"5daed883","settings":{"editor":"<p>When, while the lovely valley teems with vapour around meand the meridian sun strikes the upper surface .of the impenetrable foliage of my trees, and but a few stray gleams steal into the inner sanctuary,<\/p>","text_color":"#FFFFFF","_margin":{"unit":"%","top":"3","right":"0","bottom":"-2","left":"0","isLinked":false},"typography_typography":"custom","typography_font_size_mobile":{"unit":"px","size":14,"sizes":[]}},"elements":[],"isInner":false,"widgetType":"text-editor","elType":"widget"},{"id":"850478f","settings":{"structure":"20"},"elements":[{"id":"589e2936","settings":{"_column_size":50,"_inline_size":26.71399999999999863575794734060764312744140625,"padding":{"unit":"px","top":"0","right":"0","bottom":"0","left":"0","isLinked":true}},"elements":[{"id":"3722a9a0","settings":{"text":"Try It Now","selected_icon":{"value":"fas fa-arrow-right","library":"fa-solid"},"icon_align":"right","icon_indent":{"unit":"px","size":15,"sizes":[]},"button_background_hover_color":"#0599C9","border_radius":{"unit":"px","top":"25","right":"25","bottom":"25","left":"25","isLinked":true},"button_box_shadow_box_shadow_type":"yes","button_box_shadow_box_shadow":{"horizontal":0,"vertical":0,"blur":30,"spread":-10,"color":"rgba(0,0,0,0.5)"},"text_padding":{"unit":"px","top":"15","right":"35","bottom":"15","left":"35","isLinked":false},"_margin_mobile":{"unit":"px","top":"0","right":"0","bottom":"10","left":"0","isLinked":false},"_padding_mobile":{"unit":"px","top":"0","right":"0","bottom":"0","left":"0","isLinked":false},"background_color":"#F2275A"},"elements":[],"isInner":false,"widgetType":"button","elType":"widget"}],"isInner":true,"elType":"column"},{"id":"25fa3903","settings":{"_column_size":50,"_inline_size":73.28600000000000136424205265939235687255859375,"padding":{"unit":"px","top":"0","right":"0","bottom":"0","left":"0","isLinked":true}},"elements":[{"id":"12f40de4","settings":{"text":"Explore More","selected_icon":{"value":"fas fa-arrow-right","library":"fa-solid"},"icon_align":"right","icon_indent":{"unit":"px","size":15,"sizes":[]},"background_color":"#0599C9","button_background_hover_color":"#F2275A","border_radius":{"unit":"px","top":"25","right":"25","bottom":"25","left":"25","isLinked":true},"button_box_shadow_box_shadow_type":"yes","button_box_shadow_box_shadow":{"horizontal":0,"vertical":0,"blur":30,"spread":-10,"color":"rgba(0,0,0,0.5)"},"text_padding":{"unit":"px","top":"15","right":"35","bottom":"15","left":"35","isLinked":false},"_margin_mobile":{"unit":"px","top":"0","right":"0","bottom":"0","left":"0","isLinked":false},"_padding_mobile":{"unit":"px","top":"0","right":"0","bottom":"0","left":"0","isLinked":false}},"elements":[],"isInner":false,"widgetType":"button","elType":"widget"}],"isInner":true,"elType":"column"}],"isInner":true,"elType":"section"}],"isInner":false,"elType":"column"}],"isInner":false,"elType":"section"},{"id":"43bb7e43","settings":{"stretch_section":"section-stretched","padding":{"unit":"px","top":"100","right":"0","bottom":"100","left":"0","isLinked":false},"padding_mobile":{"unit":"px","top":"50","right":"0","bottom":"50","left":"0","isLinked":false}},"elements":[{"id":"481e0ba1","settings":{"_column_size":100,"_inline_size":null},"elements":[{"id":"5784fc9b","settings":{"title":"Our Member","header_size":"h6","align":"center","title_color":"#F25D6C","typography_typography":"custom","typography_font_weight":"400","typography_text_transform":"uppercase","typography_letter_spacing":{"unit":"px","size":2,"sizes":[]}},"elements":[],"isInner":false,"widgetType":"heading","elType":"widget"},{"id":"1e70fdce","settings":{"title":"<b>Say Hello <\/b> <i>to Our Team<\/i>","align":"center","typography_typography":"custom","typography_font_size":{"unit":"px","size":50,"sizes":[]},"typography_font_size_mobile":{"unit":"px","size":36,"sizes":[]},"typography_font_weight":"200","typography_line_height":{"unit":"em","size":1,"sizes":[]},"_margin":{"unit":"px","top":"0","right":"0","bottom":"0","left":"0","isLinked":true},"_margin_mobile":{"unit":"px","top":"-10","right":"0","bottom":"0","left":"0","isLinked":false}},"elements":[],"isInner":false,"widgetType":"heading","elType":"widget"},{"id":"47351a45","settings":{"structure":"30","margin":{"unit":"px","top":"150","right":0,"bottom":"0","left":0,"isLinked":false},"margin_mobile":{"unit":"px","top":"50","right":0,"bottom":"0","left":0,"isLinked":false}},"elements":[{"id":"33648fe5","settings":{"_column_size":33,"_inline_size":null,"border_radius":{"unit":"px","top":"15","right":"15","bottom":"15","left":"15","isLinked":true},"box_shadow_box_shadow_type":"yes","box_shadow_box_shadow":{"horizontal":7,"vertical":0,"blur":70,"spread":0,"color":"rgba(0, 0, 0, 0.1)"},"margin":{"unit":"px","top":"15","right":"15","bottom":"15","left":"15","isLinked":true},"padding":{"unit":"px","top":"0","right":"30","bottom":"30","left":"30","isLinked":false},"_inline_size_tablet":100,"margin_tablet":{"unit":"%","top":"0","right":"7","bottom":"5","left":"7","isLinked":false},"margin_mobile":{"unit":"px","top":"10","right":"10","bottom":"10","left":"10","isLinked":true},"animation":"fadeInLeft"},"elements":[{"id":"549ec624","settings":{"image":{"url":"http:\/\/jimfahad.com\/myProjects\/Wordpress\/LPE\/JFDCorporate-1\/wp-content\/uploads\/2020\/03\/Jim-Fahad-Digital-people-05.jpg","id":106},"image_size":"medium","image_custom_dimension":{"width":"200","height":"200"},"align":"center","image_border_border":"solid","image_border_color":"#F2275A","image_border_radius":{"unit":"%","top":"50","right":"50","bottom":"50","left":"50","isLinked":true},"_margin":{"unit":"px","top":"-150","right":"0","bottom":"0","left":"0","isLinked":false},"_margin_mobile":{"unit":"px","top":"-100","right":"0","bottom":"0","left":"0","isLinked":false}},"elements":[],"isInner":false,"widgetType":"image","elType":"widget"},{"id":"402afaf0","settings":{"title":"Sarah Willson","align":"center","title_color":"#030434","typography_typography":"custom","typography_font_size":{"unit":"px","size":26,"sizes":[]},"typography_font_weight":"300"},"elements":[],"isInner":false,"widgetType":"heading","elType":"widget"},{"id":"1fe1af2f","settings":{"title":"Designer","header_size":"h6","align":"center","title_color":"#F25D6C","typography_typography":"custom","typography_font_weight":"400","typography_letter_spacing":{"unit":"px","size":5,"sizes":[]},"_margin":{"unit":"px","top":"-15","right":"0","bottom":"0","left":"0","isLinked":false}},"elements":[],"isInner":false,"widgetType":"heading","elType":"widget"},{"id":"cf2f284","settings":{"social_icon_list":[{"social_icon":{"value":"fab fa-facebook","library":"fa-brands"},"_id":"9bfe55e","link":{"url":"","is_external":"true","nofollow":"","custom_attributes":""},"item_icon_color":"default","item_icon_primary_color":"","item_icon_secondary_color":""},{"social_icon":{"value":"fab fa-twitter","library":"fa-brands"},"_id":"37f6ce8","link":{"url":"","is_external":"true","nofollow":"","custom_attributes":""},"item_icon_color":"default","item_icon_primary_color":"","item_icon_secondary_color":""},{"social_icon":{"value":"fab fa-whatsapp","library":"fa-brands"},"_id":"94dacea","link":{"url":"","is_external":"true","nofollow":"","custom_attributes":""},"item_icon_color":"default","item_icon_primary_color":"","item_icon_secondary_color":""},{"social_icon":{"value":"fab fa-skype","library":"fa-brands"},"link":{"url":"","is_external":"true","nofollow":"","custom_attributes":""},"item_icon_color":"default","item_icon_primary_color":"","item_icon_secondary_color":"","_id":"de2b38a"},{"social_icon":{"value":"fab fa-linkedin","library":"fa-brands"},"link":{"url":"","is_external":"true","nofollow":"","custom_attributes":""},"item_icon_color":"default","item_icon_primary_color":"","item_icon_secondary_color":"","_id":"66fd27a"}],"icon_color":"custom","icon_primary_color":"rgba(84, 89, 95, 0)","icon_secondary_color":"#54595F","icon_size":{"unit":"px","size":20,"sizes":[]},"icon_padding":{"unit":"em","size":0.5,"sizes":[]},"icon_spacing":{"unit":"px","size":0,"sizes":[]}},"elements":[],"isInner":false,"widgetType":"social-icons","elType":"widget"}],"isInner":true,"elType":"column"},{"id":"1e1dff57","settings":{"_column_size":33,"_inline_size":null,"border_radius":{"unit":"px","top":"15","right":"15","bottom":"15","left":"15","isLinked":true},"box_shadow_box_shadow_type":"yes","box_shadow_box_shadow":{"horizontal":7,"vertical":0,"blur":70,"spread":0,"color":"rgba(0, 0, 0, 0.1)"},"margin":{"unit":"px","top":"15","right":"15","bottom":"15","left":"15","isLinked":true},"padding":{"unit":"px","top":"0","right":"30","bottom":"30","left":"30","isLinked":false},"_inline_size_tablet":100,"margin_tablet":{"unit":"%","top":"25","right":"7","bottom":"5","left":"7","isLinked":false},"margin_mobile":{"unit":"px","top":"110","right":"10","bottom":"10","left":"10","isLinked":false},"animation":"zoomIn","animation_duration":"slow"},"elements":[{"id":"1c8166d3","settings":{"image":{"url":"http:\/\/jimfahad.com\/myProjects\/Wordpress\/LPE\/JFDCorporate-1\/wp-content\/uploads\/2020\/03\/Jim-Fahad-Digital-people-06.jpg","id":204},"image_size":"medium","image_custom_dimension":{"width":"200","height":"200"},"align":"center","image_border_border":"solid","image_border_color":"#F2275A","image_border_radius":{"unit":"%","top":"50","right":"50","bottom":"50","left":"50","isLinked":true},"_margin":{"unit":"px","top":"-150","right":"0","bottom":"0","left":"0","isLinked":false},"_margin_mobile":{"unit":"px","top":"-100","right":"0","bottom":"0","left":"0","isLinked":false}},"elements":[],"isInner":false,"widgetType":"image","elType":"widget"},{"id":"1e2f4dc3","settings":{"title":"Angelo Garner","align":"center","title_color":"#030434","typography_typography":"custom","typography_font_size":{"unit":"px","size":26,"sizes":[]},"typography_font_weight":"300"},"elements":[],"isInner":false,"widgetType":"heading","elType":"widget"},{"id":"3e5a5c6f","settings":{"title":"Co-founder","header_size":"h6","align":"center","title_color":"#F25D6C","typography_typography":"custom","typography_font_weight":"400","typography_letter_spacing":{"unit":"px","size":5,"sizes":[]},"_margin":{"unit":"px","top":"-15","right":"0","bottom":"0","left":"0","isLinked":false}},"elements":[],"isInner":false,"widgetType":"heading","elType":"widget"},{"id":"c69068e","settings":{"social_icon_list":[{"social_icon":{"value":"fab fa-facebook","library":"fa-brands"},"_id":"9bfe55e","link":{"url":"","is_external":"true","nofollow":"","custom_attributes":""},"item_icon_color":"default","item_icon_primary_color":"","item_icon_secondary_color":""},{"social_icon":{"value":"fab fa-twitter","library":"fa-brands"},"_id":"37f6ce8","link":{"url":"","is_external":"true","nofollow":"","custom_attributes":""},"item_icon_color":"default","item_icon_primary_color":"","item_icon_secondary_color":""},{"social_icon":{"value":"fab fa-whatsapp","library":"fa-brands"},"_id":"94dacea","link":{"url":"","is_external":"true","nofollow":"","custom_attributes":""},"item_icon_color":"default","item_icon_primary_color":"","item_icon_secondary_color":""},{"social_icon":{"value":"fab fa-skype","library":"fa-brands"},"link":{"url":"","is_external":"true","nofollow":"","custom_attributes":""},"item_icon_color":"default","item_icon_primary_color":"","item_icon_secondary_color":"","_id":"de2b38a"},{"social_icon":{"value":"fab fa-linkedin","library":"fa-brands"},"link":{"url":"","is_external":"true","nofollow":"","custom_attributes":""},"item_icon_color":"default","item_icon_primary_color":"","item_icon_secondary_color":"","_id":"66fd27a"}],"icon_color":"custom","icon_primary_color":"rgba(84, 89, 95, 0)","icon_secondary_color":"#54595F","icon_size":{"unit":"px","size":20,"sizes":[]},"icon_padding":{"unit":"em","size":0.5,"sizes":[]},"icon_spacing":{"unit":"px","size":0,"sizes":[]}},"elements":[],"isInner":false,"widgetType":"social-icons","elType":"widget"}],"isInner":true,"elType":"column"},{"id":"643b1361","settings":{"_column_size":33,"_inline_size":null,"border_radius":{"unit":"px","top":"15","right":"15","bottom":"15","left":"15","isLinked":true},"box_shadow_box_shadow_type":"yes","box_shadow_box_shadow":{"horizontal":7,"vertical":0,"blur":70,"spread":0,"color":"rgba(0, 0, 0, 0.1)"},"margin":{"unit":"px","top":"15","right":"15","bottom":"15","left":"15","isLinked":true},"padding":{"unit":"px","top":"0","right":"30","bottom":"30","left":"30","isLinked":false},"_inline_size_tablet":100,"margin_tablet":{"unit":"%","top":"25","right":"7","bottom":"5","left":"7","isLinked":false},"margin_mobile":{"unit":"px","top":"110","right":"10","bottom":"10","left":"10","isLinked":false},"animation":"fadeInRight"},"elements":[{"id":"265b6e88","settings":{"image":{"url":"http:\/\/jimfahad.com\/myProjects\/Wordpress\/LPE\/JFDCorporate-1\/wp-content\/uploads\/2020\/03\/Jim-Fahad-Digital-people-07.jpg","id":108},"image_size":"medium","image_custom_dimension":{"width":"200","height":"200"},"align":"center","image_border_border":"solid","image_border_color":"#F2275A","image_border_radius":{"unit":"%","top":"50","right":"50","bottom":"50","left":"50","isLinked":true},"_margin":{"unit":"px","top":"-150","right":"0","bottom":"0","left":"0","isLinked":false},"_margin_mobile":{"unit":"px","top":"-100","right":"0","bottom":"0","left":"0","isLinked":false}},"elements":[],"isInner":false,"widgetType":"image","elType":"widget"},{"id":"67f2577b","settings":{"title":"Dexter Matthew","align":"center","title_color":"#030434","typography_typography":"custom","typography_font_size":{"unit":"px","size":26,"sizes":[]},"typography_font_weight":"300"},"elements":[],"isInner":false,"widgetType":"heading","elType":"widget"},{"id":"48b11a1","settings":{"title":"Product Manager","header_size":"h6","align":"center","title_color":"#F25D6C","typography_typography":"custom","typography_font_weight":"400","typography_letter_spacing":{"unit":"px","size":5,"sizes":[]},"_margin":{"unit":"px","top":"-15","right":"0","bottom":"0","left":"0","isLinked":false}},"elements":[],"isInner":false,"widgetType":"heading","elType":"widget"},{"id":"292063d7","settings":{"social_icon_list":[{"social_icon":{"value":"fab fa-facebook","library":"fa-brands"},"_id":"9bfe55e","link":{"url":"","is_external":"true","nofollow":"","custom_attributes":""},"item_icon_color":"default","item_icon_primary_color":"","item_icon_secondary_color":""},{"social_icon":{"value":"fab fa-twitter","library":"fa-brands"},"_id":"37f6ce8","link":{"url":"","is_external":"true","nofollow":"","custom_attributes":""},"item_icon_color":"default","item_icon_primary_color":"","item_icon_secondary_color":""},{"social_icon":{"value":"fab fa-whatsapp","library":"fa-brands"},"_id":"94dacea","link":{"url":"","is_external":"true","nofollow":"","custom_attributes":""},"item_icon_color":"default","item_icon_primary_color":"","item_icon_secondary_color":""},{"social_icon":{"value":"fab fa-skype","library":"fa-brands"},"link":{"url":"","is_external":"true","nofollow":"","custom_attributes":""},"item_icon_color":"default","item_icon_primary_color":"","item_icon_secondary_color":"","_id":"de2b38a"},{"social_icon":{"value":"fab fa-linkedin","library":"fa-brands"},"link":{"url":"","is_external":"true","nofollow":"","custom_attributes":""},"item_icon_color":"default","item_icon_primary_color":"","item_icon_secondary_color":"","_id":"66fd27a"}],"icon_color":"custom","icon_primary_color":"rgba(84, 89, 95, 0)","icon_secondary_color":"#54595F","icon_size":{"unit":"px","size":20,"sizes":[]},"icon_padding":{"unit":"em","size":0.5,"sizes":[]},"icon_spacing":{"unit":"px","size":0,"sizes":[]}},"elements":[],"isInner":false,"widgetType":"social-icons","elType":"widget"}],"isInner":true,"elType":"column"}],"isInner":true,"elType":"section"},{"id":"6ffdd81f","settings":{"structure":"30","margin":{"unit":"px","top":"150","right":0,"bottom":"0","left":0,"isLinked":false},"margin_mobile":{"unit":"px","top":"100","right":0,"bottom":"0","left":0,"isLinked":false}},"elements":[{"id":"42bf4f68","settings":{"_column_size":33,"_inline_size":null,"border_radius":{"unit":"px","top":"15","right":"15","bottom":"15","left":"15","isLinked":true},"box_shadow_box_shadow_type":"yes","box_shadow_box_shadow":{"horizontal":7,"vertical":0,"blur":70,"spread":0,"color":"rgba(0, 0, 0, 0.1)"},"margin":{"unit":"px","top":"15","right":"15","bottom":"15","left":"15","isLinked":true},"padding":{"unit":"px","top":"0","right":"30","bottom":"30","left":"30","isLinked":false},"_inline_size_tablet":100,"margin_tablet":{"unit":"%","top":"0","right":"7","bottom":"5","left":"7","isLinked":false},"margin_mobile":{"unit":"px","top":"10","right":"10","bottom":"10","left":"10","isLinked":true},"animation":"fadeInLeft"},"elements":[{"id":"4880c23f","settings":{"image":{"url":"http:\/\/jimfahad.com\/myProjects\/Wordpress\/LPE\/JFDCorporate-1\/wp-content\/uploads\/2020\/03\/Jim-Fahad-Digital-people-08.jpg","id":205},"image_size":"medium","image_custom_dimension":{"width":"200","height":"200"},"align":"center","image_border_border":"solid","image_border_color":"#F2275A","image_border_radius":{"unit":"%","top":"50","right":"50","bottom":"50","left":"50","isLinked":true},"_margin":{"unit":"px","top":"-150","right":"0","bottom":"0","left":"0","isLinked":false},"_margin_mobile":{"unit":"px","top":"-100","right":"0","bottom":"0","left":"0","isLinked":false}},"elements":[],"isInner":false,"widgetType":"image","elType":"widget"},{"id":"2aea9860","settings":{"title":"Sarah Willson","align":"center","title_color":"#030434","typography_typography":"custom","typography_font_size":{"unit":"px","size":26,"sizes":[]},"typography_font_weight":"300"},"elements":[],"isInner":false,"widgetType":"heading","elType":"widget"},{"id":"1d9ecff3","settings":{"title":"Designer","header_size":"h6","align":"center","title_color":"#F25D6C","typography_typography":"custom","typography_font_weight":"400","typography_letter_spacing":{"unit":"px","size":5,"sizes":[]},"_margin":{"unit":"px","top":"-15","right":"0","bottom":"0","left":"0","isLinked":false}},"elements":[],"isInner":false,"widgetType":"heading","elType":"widget"},{"id":"3ba96ac3","settings":{"social_icon_list":[{"social_icon":{"value":"fab fa-facebook","library":"fa-brands"},"_id":"9bfe55e","link":{"url":"","is_external":"true","nofollow":"","custom_attributes":""},"item_icon_color":"default","item_icon_primary_color":"","item_icon_secondary_color":""},{"social_icon":{"value":"fab fa-twitter","library":"fa-brands"},"_id":"37f6ce8","link":{"url":"","is_external":"true","nofollow":"","custom_attributes":""},"item_icon_color":"default","item_icon_primary_color":"","item_icon_secondary_color":""},{"social_icon":{"value":"fab fa-whatsapp","library":"fa-brands"},"_id":"94dacea","link":{"url":"","is_external":"true","nofollow":"","custom_attributes":""},"item_icon_color":"default","item_icon_primary_color":"","item_icon_secondary_color":""},{"social_icon":{"value":"fab fa-skype","library":"fa-brands"},"link":{"url":"","is_external":"true","nofollow":"","custom_attributes":""},"item_icon_color":"default","item_icon_primary_color":"","item_icon_secondary_color":"","_id":"de2b38a"},{"social_icon":{"value":"fab fa-linkedin","library":"fa-brands"},"link":{"url":"","is_external":"true","nofollow":"","custom_attributes":""},"item_icon_color":"default","item_icon_primary_color":"","item_icon_secondary_color":"","_id":"66fd27a"}],"icon_color":"custom","icon_primary_color":"rgba(84, 89, 95, 0)","icon_secondary_color":"#54595F","icon_size":{"unit":"px","size":20,"sizes":[]},"icon_padding":{"unit":"em","size":0.5,"sizes":[]},"icon_spacing":{"unit":"px","size":0,"sizes":[]}},"elements":[],"isInner":false,"widgetType":"social-icons","elType":"widget"}],"isInner":true,"elType":"column"},{"id":"34c58955","settings":{"_column_size":33,"_inline_size":null,"border_radius":{"unit":"px","top":"15","right":"15","bottom":"15","left":"15","isLinked":true},"box_shadow_box_shadow_type":"yes","box_shadow_box_shadow":{"horizontal":7,"vertical":0,"blur":70,"spread":0,"color":"rgba(0, 0, 0, 0.1)"},"margin":{"unit":"px","top":"15","right":"15","bottom":"15","left":"15","isLinked":true},"padding":{"unit":"px","top":"0","right":"30","bottom":"30","left":"30","isLinked":false},"_inline_size_tablet":100,"margin_tablet":{"unit":"%","top":"25","right":"7","bottom":"5","left":"7","isLinked":false},"margin_mobile":{"unit":"px","top":"110","right":"10","bottom":"10","left":"10","isLinked":false},"animation":"zoomIn","animation_duration":"slow"},"elements":[{"id":"78db2994","settings":{"image":{"url":"http:\/\/jimfahad.com\/myProjects\/Wordpress\/LPE\/JFDCorporate-1\/wp-content\/uploads\/2020\/03\/Jim-Fahad-Digital-people-05.jpg","id":106},"image_size":"medium","image_custom_dimension":{"width":"200","height":"200"},"align":"center","image_border_border":"solid","image_border_color":"#F2275A","image_border_radius":{"unit":"%","top":"50","right":"50","bottom":"50","left":"50","isLinked":true},"_margin":{"unit":"px","top":"-150","right":"0","bottom":"0","left":"0","isLinked":false},"_margin_mobile":{"unit":"px","top":"-100","right":"0","bottom":"0","left":"0","isLinked":false}},"elements":[],"isInner":false,"widgetType":"image","elType":"widget"},{"id":"7ade56fc","settings":{"title":"Angelo Garner","align":"center","title_color":"#030434","typography_typography":"custom","typography_font_size":{"unit":"px","size":26,"sizes":[]},"typography_font_weight":"300"},"elements":[],"isInner":false,"widgetType":"heading","elType":"widget"},{"id":"420fa0d1","settings":{"title":"Co-founder","header_size":"h6","align":"center","title_color":"#F25D6C","typography_typography":"custom","typography_font_weight":"400","typography_letter_spacing":{"unit":"px","size":5,"sizes":[]},"_margin":{"unit":"px","top":"-15","right":"0","bottom":"0","left":"0","isLinked":false}},"elements":[],"isInner":false,"widgetType":"heading","elType":"widget"},{"id":"3ee77bf9","settings":{"social_icon_list":[{"social_icon":{"value":"fab fa-facebook","library":"fa-brands"},"_id":"9bfe55e","link":{"url":"","is_external":"true","nofollow":"","custom_attributes":""},"item_icon_color":"default","item_icon_primary_color":"","item_icon_secondary_color":""},{"social_icon":{"value":"fab fa-twitter","library":"fa-brands"},"_id":"37f6ce8","link":{"url":"","is_external":"true","nofollow":"","custom_attributes":""},"item_icon_color":"default","item_icon_primary_color":"","item_icon_secondary_color":""},{"social_icon":{"value":"fab fa-whatsapp","library":"fa-brands"},"_id":"94dacea","link":{"url":"","is_external":"true","nofollow":"","custom_attributes":""},"item_icon_color":"default","item_icon_primary_color":"","item_icon_secondary_color":""},{"social_icon":{"value":"fab fa-skype","library":"fa-brands"},"link":{"url":"","is_external":"true","nofollow":"","custom_attributes":""},"item_icon_color":"default","item_icon_primary_color":"","item_icon_secondary_color":"","_id":"de2b38a"},{"social_icon":{"value":"fab fa-linkedin","library":"fa-brands"},"link":{"url":"","is_external":"true","nofollow":"","custom_attributes":""},"item_icon_color":"default","item_icon_primary_color":"","item_icon_secondary_color":"","_id":"66fd27a"}],"icon_color":"custom","icon_primary_color":"rgba(84, 89, 95, 0)","icon_secondary_color":"#54595F","icon_size":{"unit":"px","size":20,"sizes":[]},"icon_padding":{"unit":"em","size":0.5,"sizes":[]},"icon_spacing":{"unit":"px","size":0,"sizes":[]}},"elements":[],"isInner":false,"widgetType":"social-icons","elType":"widget"}],"isInner":true,"elType":"column"},{"id":"2b346eac","settings":{"_column_size":33,"_inline_size":null,"border_radius":{"unit":"px","top":"15","right":"15","bottom":"15","left":"15","isLinked":true},"box_shadow_box_shadow_type":"yes","box_shadow_box_shadow":{"horizontal":7,"vertical":0,"blur":70,"spread":0,"color":"rgba(0, 0, 0, 0.1)"},"margin":{"unit":"px","top":"15","right":"15","bottom":"15","left":"15","isLinked":true},"padding":{"unit":"px","top":"0","right":"30","bottom":"30","left":"30","isLinked":false},"_inline_size_tablet":100,"margin_tablet":{"unit":"%","top":"25","right":"7","bottom":"5","left":"7","isLinked":false},"margin_mobile":{"unit":"px","top":"110","right":"10","bottom":"10","left":"10","isLinked":false},"animation":"fadeInRight"},"elements":[{"id":"1a872e4","settings":{"image":{"url":"http:\/\/jimfahad.com\/myProjects\/Wordpress\/LPE\/JFDCorporate-1\/wp-content\/uploads\/2020\/03\/Jim-Fahad-Digital-people-06.jpg","id":204},"image_size":"medium","image_custom_dimension":{"width":"200","height":"200"},"align":"center","image_border_border":"solid","image_border_color":"#F2275A","image_border_radius":{"unit":"%","top":"50","right":"50","bottom":"50","left":"50","isLinked":true},"_margin":{"unit":"px","top":"-150","right":"0","bottom":"0","left":"0","isLinked":false},"_margin_mobile":{"unit":"px","top":"-100","right":"0","bottom":"0","left":"0","isLinked":false}},"elements":[],"isInner":false,"widgetType":"image","elType":"widget"},{"id":"524c676e","settings":{"title":"Dexter Matthew","align":"center","title_color":"#030434","typography_typography":"custom","typography_font_size":{"unit":"px","size":26,"sizes":[]},"typography_font_weight":"300"},"elements":[],"isInner":false,"widgetType":"heading","elType":"widget"},{"id":"64f7743d","settings":{"title":"Product Manager","header_size":"h6","align":"center","title_color":"#F25D6C","typography_typography":"custom","typography_font_weight":"400","typography_letter_spacing":{"unit":"px","size":5,"sizes":[]},"_margin":{"unit":"px","top":"-15","right":"0","bottom":"0","left":"0","isLinked":false}},"elements":[],"isInner":false,"widgetType":"heading","elType":"widget"},{"id":"656e8128","settings":{"social_icon_list":[{"social_icon":{"value":"fab fa-facebook","library":"fa-brands"},"_id":"9bfe55e","link":{"url":"","is_external":"true","nofollow":"","custom_attributes":""},"item_icon_color":"default","item_icon_primary_color":"","item_icon_secondary_color":""},{"social_icon":{"value":"fab fa-twitter","library":"fa-brands"},"_id":"37f6ce8","link":{"url":"","is_external":"true","nofollow":"","custom_attributes":""},"item_icon_color":"default","item_icon_primary_color":"","item_icon_secondary_color":""},{"social_icon":{"value":"fab fa-whatsapp","library":"fa-brands"},"_id":"94dacea","link":{"url":"","is_external":"true","nofollow":"","custom_attributes":""},"item_icon_color":"default","item_icon_primary_color":"","item_icon_secondary_color":""},{"social_icon":{"value":"fab fa-skype","library":"fa-brands"},"link":{"url":"","is_external":"true","nofollow":"","custom_attributes":""},"item_icon_color":"default","item_icon_primary_color":"","item_icon_secondary_color":"","_id":"de2b38a"},{"social_icon":{"value":"fab fa-linkedin","library":"fa-brands"},"link":{"url":"","is_external":"true","nofollow":"","custom_attributes":""},"item_icon_color":"default","item_icon_primary_color":"","item_icon_secondary_color":"","_id":"66fd27a"}],"icon_color":"custom","icon_primary_color":"rgba(84, 89, 95, 0)","icon_secondary_color":"#54595F","icon_size":{"unit":"px","size":20,"sizes":[]},"icon_padding":{"unit":"em","size":0.5,"sizes":[]},"icon_spacing":{"unit":"px","size":0,"sizes":[]}},"elements":[],"isInner":false,"widgetType":"social-icons","elType":"widget"}],"isInner":true,"elType":"column"}],"isInner":true,"elType":"section"}],"isInner":false,"elType":"column"}],"isInner":false,"elType":"section"},{"id":"261374ff","settings":{"stretch_section":"section-stretched","background_background":"classic","background_color_b":"#0C1A54","background_gradient_angle":{"unit":"deg","size":360,"sizes":[]},"margin":{"unit":"px","top":"0","right":0,"bottom":"0","left":0,"isLinked":false},"padding_mobile":{"unit":"px","top":"0","right":"0","bottom":"40","left":"0","isLinked":false},"animation":"fadeInDown","animation_duration":"fast"},"elements":[{"id":"7a0e1af4","settings":{"_column_size":100,"_inline_size":null},"elements":[{"id":"6a49b1e9","settings":{"animation":"fadeInUp","animation_duration":"slow"},"elements":[{"id":"2e367cd9","settings":{"_column_size":100,"_inline_size":null,"background_background":"gradient","background_color":"#0C1A54","background_gradient_angle":{"unit":"deg","size":340,"sizes":[]},"border_radius":{"unit":"px","top":"15","right":"15","bottom":"15","left":"15","isLinked":true},"box_shadow_box_shadow_type":"yes","box_shadow_box_shadow":{"horizontal":0,"vertical":0,"blur":70,"spread":0,"color":"rgba(0, 0, 0, 0.3)"},"margin":{"unit":"px","top":"0","right":"0","bottom":"50","left":"0","isLinked":false},"padding":{"unit":"px","top":"30","right":"15","bottom":"30","left":"15","isLinked":false}},"elements":[{"id":"3b0764cd","settings":{"title":"We Offer Awesome Services","align":"center","title_color":"#FFFFFF","typography_typography":"custom","typography_font_size":{"unit":"px","size":54,"sizes":[]},"typography_font_size_tablet":{"unit":"px","size":42,"sizes":[]},"typography_font_size_mobile":{"unit":"px","size":26,"sizes":[]},"typography_font_weight":"800"},"elements":[],"isInner":false,"widgetType":"heading","elType":"widget"},{"id":"36e19922","settings":{"editor":"<p>When, while lovely valley teems with vapour around meand meridian sun strikes the upper surface .<\/p>","align":"center","text_color":"#FFFFFF","typography_typography":"custom","typography_font_size_mobile":{"unit":"px","size":14,"sizes":[]},"_margin":{"unit":"px","top":"10","right":"00","bottom":"00","left":"00","isLinked":false},"_margin_tablet":{"unit":"%","top":"0","right":"10","bottom":"0","left":"10","isLinked":false},"_margin_mobile":{"unit":"px","top":"0","right":"0","bottom":"0","left":"0","isLinked":false}},"elements":[],"isInner":false,"widgetType":"text-editor","elType":"widget"},{"id":"75401839","settings":{"text":"Contact Us Now","align":"center","icon_indent":{"unit":"px","size":15,"sizes":[]},"background_color":"#0599C9","button_background_hover_color":"#F25D6C","border_radius":{"unit":"px","top":"25","right":"25","bottom":"25","left":"25","isLinked":true},"button_box_shadow_box_shadow_type":"yes","button_box_shadow_box_shadow":{"horizontal":0,"vertical":0,"blur":30,"spread":-10,"color":"rgba(0,0,0,0.5)"},"text_padding":{"unit":"px","top":"15","right":"35","bottom":"15","left":"35","isLinked":false},"_margin":{"unit":"px","top":"-15","right":"0","bottom":"0","left":"0","isLinked":false}},"elements":[],"isInner":false,"widgetType":"button","elType":"widget"}],"isInner":true,"elType":"column"}],"isInner":true,"elType":"section"}],"isInner":false,"elType":"column"}],"isInner":false,"elType":"section"}]}