{"version":"0.4","title":"JFD Corporate &#8211; SERVICES","type":"page","content":[{"id":"2f665ee1","settings":[],"elements":[{"id":"4e264118","settings":{"_column_size":100,"_inline_size":null},"elements":[],"isInner":false,"elType":"column"}],"isInner":false,"elType":"section"},{"id":"68e54e9b","settings":{"stretch_section":"section-stretched","height":"min-height","custom_height":{"unit":"vh","size":40,"sizes":[]},"background_background":"classic","background_color":"#030434","background_color_b":"#0C1A54","background_gradient_angle":{"unit":"deg","size":150,"sizes":[]},"padding":{"unit":"px","top":"50","right":"0","bottom":"50","left":"0","isLinked":false},"background_image":{"url":"http:\/\/jimfahad.com\/myProjects\/Wordpress\/LPE\/JFDCorporate-1\/wp-content\/uploads\/2020\/03\/bp-2.jpg","id":78},"background_overlay_background":"gradient","background_overlay_color":"#030434","background_overlay_color_b":"#0C1A54","background_overlay_gradient_angle":{"unit":"deg","size":100,"sizes":[]},"background_overlay_opacity":{"unit":"px","size":0.59999999999999997779553950749686919152736663818359375,"sizes":[]},"background_position":"bottom center","background_repeat":"no-repeat","background_size":"cover","custom_height_tablet":{"unit":"vw","size":40,"sizes":[]},"custom_height_mobile":{"unit":"vh","size":40,"sizes":[]}},"elements":[{"id":"607b3534","settings":{"_column_size":100,"_inline_size":null,"padding_tablet":{"unit":"px","top":"15","right":"15","bottom":"15","left":"15","isLinked":true}},"elements":[{"id":"606cb828","settings":{"title":"\nOur Services\n","header_size":"h6","align":"left","title_color":"#F25D6C","typography_typography":"custom","typography_font_weight":"400","typography_text_transform":"uppercase","typography_letter_spacing":{"unit":"px","size":2,"sizes":[]}},"elements":[],"isInner":false,"widgetType":"heading","elType":"widget"},{"id":"65aafd07","settings":{"title":"We Offer ","title_color":"#FFFFFF","typography_typography":"custom","typography_font_size":{"unit":"px","size":60,"sizes":[]},"typography_font_weight":"800","typography_line_height":{"unit":"em","size":0.8000000000000000444089209850062616169452667236328125,"sizes":[]},"typography_letter_spacing":{"unit":"px","size":1.5,"sizes":[]},"_margin":{"unit":"px","top":"0","right":"0","bottom":"0","left":"0","isLinked":true},"align":"left","align_mobile":"left","typography_font_size_mobile":{"unit":"px","size":28,"sizes":[]},"typography_line_height_mobile":{"unit":"em","size":1,"sizes":[]},"_animation":"fadeInLeft","_animation_delay":1000},"elements":[],"isInner":false,"widgetType":"heading","elType":"widget"},{"id":"5340f6df","settings":{"title":"Awesome Services","title_color":"#FFFFFF","typography_typography":"custom","typography_font_size":{"unit":"px","size":60,"sizes":[]},"typography_font_weight":"200","typography_line_height":{"unit":"em","size":0.8000000000000000444089209850062616169452667236328125,"sizes":[]},"typography_letter_spacing":{"unit":"px","size":1.5,"sizes":[]},"_margin":{"unit":"px","top":"0","right":"0","bottom":"0","left":"0","isLinked":true},"align":"left","align_mobile":"left","typography_font_size_mobile":{"unit":"px","size":36,"sizes":[]},"typography_line_height_mobile":{"unit":"em","size":1,"sizes":[]},"_margin_mobile":{"unit":"px","top":"-10","right":"0","bottom":"0","left":"0","isLinked":false},"_animation":"fadeInRight","_animation_delay":1000},"elements":[],"isInner":false,"widgetType":"heading","elType":"widget"}],"isInner":false,"elType":"column"}],"isInner":false,"elType":"section"},{"id":"f6a10c2","settings":{"stretch_section":"section-stretched","padding":{"unit":"px","top":"100","right":"0","bottom":"100","left":"0","isLinked":false},"padding_mobile":{"unit":"px","top":"50","right":"0","bottom":"50","left":"0","isLinked":false}},"elements":[{"id":"49d5eea9","settings":{"_column_size":100,"_inline_size":null},"elements":[{"id":"29c8c213","settings":{"title":"Our Services","header_size":"h6","align":"center","title_color":"#F25D6C","typography_typography":"custom","typography_font_weight":"400","typography_text_transform":"uppercase","typography_letter_spacing":{"unit":"px","size":2,"sizes":[]}},"elements":[],"isInner":false,"widgetType":"heading","elType":"widget"},{"id":"50dd00d7","settings":{"title":"<b>What<\/b> <i>We Do<\/i>","align":"center","typography_typography":"custom","typography_font_size":{"unit":"px","size":50,"sizes":[]},"typography_font_size_mobile":{"unit":"px","size":36,"sizes":[]},"typography_font_weight":"200","typography_line_height":{"unit":"em","size":1,"sizes":[]},"_margin":{"unit":"px","top":"0","right":"0","bottom":"0","left":"0","isLinked":true},"_margin_mobile":{"unit":"px","top":"-10","right":"0","bottom":"0","left":"0","isLinked":false}},"elements":[],"isInner":false,"widgetType":"heading","elType":"widget"},{"id":"25ba9588","settings":{"structure":"20"},"elements":[{"id":"627cd790","settings":{"_column_size":50,"_inline_size":null,"_inline_size_tablet":100,"margin_tablet":{"unit":"%","top":"0","right":"7","bottom":"0","left":"7","isLinked":false},"margin_mobile":{"unit":"px","top":"0","right":"0","bottom":"0","left":"0","isLinked":false}},"elements":[{"id":"14c1eff4","settings":{"image":{"url":"http:\/\/jimfahad.com\/myProjects\/Wordpress\/LPE\/JFDCorporate-1\/wp-content\/uploads\/2020\/03\/Group-566.png","id":45},"title_text":"Branding Strategy","description_text":"When, while the lovely valley teems with vapour around meand the meridian sun strikes the upper .","position":"left","title_size":"h4","image_space":{"unit":"px","size":40,"sizes":[]},"image_size":{"unit":"%","size":60,"sizes":[]},"hover_animation":"wobble-horizontal","css_filters_hover_blur":{"unit":"px","size":0.90000000000000002220446049250313080847263336181640625,"sizes":[]},"css_filters_hover_hue":{"unit":"px","size":100,"sizes":[]},"title_bottom_space":{"unit":"px","size":20,"sizes":[]},"description_typography_typography":"custom","_padding":{"unit":"px","top":"25","right":"25","bottom":"25","left":"25","isLinked":true},"_background_background":"gradient","_background_hover_background":"gradient","_background_hover_color_b":"","_border_radius":{"unit":"px","top":"15","right":"15","bottom":"15","left":"15","isLinked":true},"_box_shadow_box_shadow_type":"yes","_box_shadow_box_shadow":{"horizontal":0,"vertical":10,"blur":70,"spread":15,"color":"rgba(0, 0, 0, 0.1)"},"thumbnail_size":"thumbnail","_animation":"fadeInLeft","animation_duration":"slow"},"elements":[],"isInner":false,"widgetType":"image-box","elType":"widget"}],"isInner":true,"elType":"column"},{"id":"751ca283","settings":{"_column_size":50,"_inline_size":null,"_inline_size_tablet":100,"margin_tablet":{"unit":"%","top":"0","right":"7","bottom":"0","left":"7","isLinked":false},"margin_mobile":{"unit":"px","top":"0","right":"0","bottom":"0","left":"0","isLinked":false}},"elements":[{"id":"4fc529b7","settings":{"image":{"url":"http:\/\/jimfahad.com\/myProjects\/Wordpress\/LPE\/JFDCorporate-1\/wp-content\/uploads\/2020\/03\/Group-183.png","id":61},"title_text":"Modern Design","description_text":"When, while the lovely valley teems with vapour around meand the meridian sun strikes the upper.","position":"left","title_size":"h4","image_space":{"unit":"px","size":40,"sizes":[]},"image_size":{"unit":"%","size":60,"sizes":[]},"hover_animation":"wobble-horizontal","css_filters_hover_blur":{"unit":"px","size":0.90000000000000002220446049250313080847263336181640625,"sizes":[]},"css_filters_hover_hue":{"unit":"px","size":100,"sizes":[]},"title_bottom_space":{"unit":"px","size":20,"sizes":[]},"description_typography_typography":"custom","_padding":{"unit":"px","top":"25","right":"25","bottom":"25","left":"25","isLinked":true},"_background_background":"gradient","_background_hover_background":"gradient","_background_hover_color_b":"","_border_radius":{"unit":"px","top":"15","right":"15","bottom":"15","left":"15","isLinked":true},"_box_shadow_box_shadow_type":"yes","_box_shadow_box_shadow":{"horizontal":0,"vertical":10,"blur":70,"spread":15,"color":"rgba(0, 0, 0, 0.1)"},"thumbnail_size":"thumbnail","_animation":"fadeInRight","animation_duration":"slow"},"elements":[],"isInner":false,"widgetType":"image-box","elType":"widget"}],"isInner":true,"elType":"column"}],"isInner":true,"elType":"section"},{"id":"270a3cac","settings":{"structure":"20"},"elements":[{"id":"54238498","settings":{"_column_size":50,"_inline_size":null,"_inline_size_tablet":100,"margin_tablet":{"unit":"%","top":"0","right":"7","bottom":"0","left":"7","isLinked":false},"margin_mobile":{"unit":"px","top":"0","right":"0","bottom":"0","left":"0","isLinked":false}},"elements":[{"id":"47f0a43e","settings":{"image":{"url":"http:\/\/jimfahad.com\/myProjects\/Wordpress\/LPE\/JFDCorporate-1\/wp-content\/uploads\/2020\/03\/Group-538.png","id":64},"title_text":"Security Data","description_text":"When, while the lovely valley teems with vapour around meand the meridian sun strikes the upper .","position":"left","title_size":"h4","image_space":{"unit":"px","size":40,"sizes":[]},"image_size":{"unit":"%","size":60,"sizes":[]},"hover_animation":"wobble-horizontal","css_filters_hover_blur":{"unit":"px","size":0.90000000000000002220446049250313080847263336181640625,"sizes":[]},"css_filters_hover_hue":{"unit":"px","size":100,"sizes":[]},"title_bottom_space":{"unit":"px","size":20,"sizes":[]},"description_typography_typography":"custom","_padding":{"unit":"px","top":"25","right":"25","bottom":"25","left":"25","isLinked":true},"_background_background":"gradient","_background_hover_background":"gradient","_background_hover_color_b":"","_border_radius":{"unit":"px","top":"15","right":"15","bottom":"15","left":"15","isLinked":true},"_box_shadow_box_shadow_type":"yes","_box_shadow_box_shadow":{"horizontal":0,"vertical":10,"blur":70,"spread":15,"color":"rgba(0, 0, 0, 0.1)"},"thumbnail_size":"thumbnail","_animation":"fadeInLeft","animation_duration":"slow"},"elements":[],"isInner":false,"widgetType":"image-box","elType":"widget"}],"isInner":true,"elType":"column"},{"id":"9019724","settings":{"_column_size":50,"_inline_size":null,"_inline_size_tablet":100,"margin_tablet":{"unit":"%","top":"0","right":"7","bottom":"0","left":"7","isLinked":false},"margin_mobile":{"unit":"px","top":"0","right":"0","bottom":"0","left":"0","isLinked":false}},"elements":[{"id":"405b0c59","settings":{"image":{"url":"http:\/\/jimfahad.com\/myProjects\/Wordpress\/LPE\/JFDCorporate-1\/wp-content\/uploads\/2020\/03\/Group-247.png","id":63},"title_text":"Data Analysis","description_text":"When, while the lovely valley teems with vapour around meand the meridian sun strikes the upper .","position":"left","title_size":"h4","image_space":{"unit":"px","size":40,"sizes":[]},"image_size":{"unit":"%","size":60,"sizes":[]},"hover_animation":"wobble-horizontal","css_filters_hover_blur":{"unit":"px","size":0.90000000000000002220446049250313080847263336181640625,"sizes":[]},"css_filters_hover_hue":{"unit":"px","size":100,"sizes":[]},"title_bottom_space":{"unit":"px","size":20,"sizes":[]},"description_typography_typography":"custom","_padding":{"unit":"px","top":"25","right":"25","bottom":"25","left":"25","isLinked":true},"_background_background":"gradient","_background_hover_background":"gradient","_background_hover_color_b":"","_border_radius":{"unit":"px","top":"15","right":"15","bottom":"15","left":"15","isLinked":true},"_box_shadow_box_shadow_type":"yes","_box_shadow_box_shadow":{"horizontal":0,"vertical":10,"blur":70,"spread":15,"color":"rgba(0, 0, 0, 0.1)"},"thumbnail_size":"thumbnail","_animation":"fadeInRight","animation_duration":"slow"},"elements":[],"isInner":false,"widgetType":"image-box","elType":"widget"}],"isInner":true,"elType":"column"}],"isInner":true,"elType":"section"},{"id":"121169b4","settings":{"structure":"20"},"elements":[{"id":"5f7275e0","settings":{"_column_size":50,"_inline_size":null,"_inline_size_tablet":100,"margin_tablet":{"unit":"%","top":"0","right":"7","bottom":"0","left":"7","isLinked":false},"margin_mobile":{"unit":"px","top":"0","right":"0","bottom":"0","left":"0","isLinked":false}},"elements":[{"id":"425a1010","settings":{"image":{"url":"http:\/\/jimfahad.com\/myProjects\/Wordpress\/LPE\/JFDCorporate-1\/wp-content\/uploads\/2020\/03\/Group-567.png","id":66},"title_text":"SEO Optimization","description_text":"When, while the lovely valley teems with vapour around meand the meridian sun strikes the upper .","position":"left","title_size":"h4","image_space":{"unit":"px","size":40,"sizes":[]},"image_size":{"unit":"%","size":60,"sizes":[]},"hover_animation":"wobble-horizontal","css_filters_hover_blur":{"unit":"px","size":0.90000000000000002220446049250313080847263336181640625,"sizes":[]},"css_filters_hover_hue":{"unit":"px","size":100,"sizes":[]},"title_bottom_space":{"unit":"px","size":20,"sizes":[]},"description_typography_typography":"custom","_padding":{"unit":"px","top":"25","right":"25","bottom":"25","left":"25","isLinked":true},"_background_background":"gradient","_background_hover_background":"gradient","_background_hover_color_b":"","_border_radius":{"unit":"px","top":"15","right":"15","bottom":"15","left":"15","isLinked":true},"_box_shadow_box_shadow_type":"yes","_box_shadow_box_shadow":{"horizontal":0,"vertical":10,"blur":70,"spread":15,"color":"rgba(0, 0, 0, 0.1)"},"thumbnail_size":"thumbnail","thumbnail_custom_dimension":{"width":"","height":"200"},"_animation":"fadeInLeft","animation_duration":"slow"},"elements":[],"isInner":false,"widgetType":"image-box","elType":"widget"}],"isInner":true,"elType":"column"},{"id":"742f3a00","settings":{"_column_size":50,"_inline_size":null,"_inline_size_tablet":100,"margin_tablet":{"unit":"%","top":"0","right":"7","bottom":"0","left":"7","isLinked":false},"margin_mobile":{"unit":"px","top":"0","right":"0","bottom":"0","left":"0","isLinked":false}},"elements":[{"id":"683b4c71","settings":{"image":{"url":"http:\/\/jimfahad.com\/myProjects\/Wordpress\/LPE\/JFDCorporate-1\/wp-content\/uploads\/2020\/03\/Group-207.png","id":62},"title_text":"Best Marketing","description_text":"When, while the lovely valley teems with vapour around meand the meridian sun strikes the upper .","position":"left","title_size":"h4","image_space":{"unit":"px","size":40,"sizes":[]},"image_size":{"unit":"%","size":60,"sizes":[]},"hover_animation":"wobble-horizontal","css_filters_hover_blur":{"unit":"px","size":0.90000000000000002220446049250313080847263336181640625,"sizes":[]},"css_filters_hover_hue":{"unit":"px","size":100,"sizes":[]},"title_bottom_space":{"unit":"px","size":20,"sizes":[]},"description_typography_typography":"custom","_padding":{"unit":"px","top":"25","right":"25","bottom":"25","left":"25","isLinked":true},"_background_background":"gradient","_background_hover_background":"gradient","_background_hover_color_b":"","_border_radius":{"unit":"px","top":"15","right":"15","bottom":"15","left":"15","isLinked":true},"_box_shadow_box_shadow_type":"yes","_box_shadow_box_shadow":{"horizontal":0,"vertical":10,"blur":70,"spread":15,"color":"rgba(0, 0, 0, 0.1)"},"thumbnail_size":"thumbnail","thumbnail_custom_dimension":{"width":"","height":"200"},"_animation":"fadeInRight","animation_duration":"slow"},"elements":[],"isInner":false,"widgetType":"image-box","elType":"widget"}],"isInner":true,"elType":"column"}],"isInner":true,"elType":"section"}],"isInner":false,"elType":"column"}],"isInner":false,"elType":"section"},{"id":"5f8021b2","settings":{"stretch_section":"section-stretched","background_background":"gradient","background_color":"#030434","background_color_b":"#0C1A54","background_gradient_angle":{"unit":"deg","size":360,"sizes":[]},"padding":{"unit":"px","top":"100","right":"0","bottom":"100","left":"0","isLinked":false},"padding_mobile":{"unit":"px","top":"50","right":"0","bottom":"50","left":"0","isLinked":false}},"elements":[{"id":"4d998f31","settings":{"_column_size":100,"_inline_size":null},"elements":[{"id":"73d6e53","settings":{"title":"Price List","header_size":"h6","align":"center","title_color":"#F25D6C","typography_typography":"custom","typography_font_weight":"400","typography_text_transform":"uppercase","typography_letter_spacing":{"unit":"px","size":2,"sizes":[]}},"elements":[],"isInner":false,"widgetType":"heading","elType":"widget"},{"id":"76e6e319","settings":{"title":"<b>Our<\/b> <i>Pricing<\/i>","align":"center","title_color":"#FFFFFF","typography_typography":"custom","typography_font_size":{"unit":"px","size":50,"sizes":[]},"typography_font_size_mobile":{"unit":"px","size":36,"sizes":[]},"typography_font_weight":"200","typography_line_height":{"unit":"em","size":1,"sizes":[]},"_margin":{"unit":"px","top":"0","right":"0","bottom":"0","left":"0","isLinked":true},"_margin_mobile":{"unit":"px","top":"-10","right":"0","bottom":"0","left":"0","isLinked":false}},"elements":[],"isInner":false,"widgetType":"heading","elType":"widget"},{"id":"732e3cf4","settings":{"editor":"<p>When, while the lovely valley teems with vapour around meand the meridian sun strikes the upper surface .<\/p>","align":"center","text_color":"#FAFAFA","_margin":{"unit":"%","top":"0","right":"20","bottom":"0","left":"20","isLinked":false},"_margin_tablet":{"unit":"%","top":"0","right":"10","bottom":"0","left":"10","isLinked":false},"_margin_mobile":{"unit":"px","top":"0","right":"0","bottom":"0","left":"0","isLinked":false}},"elements":[],"isInner":false,"widgetType":"text-editor","elType":"widget"},{"id":"512d3bef","settings":{"structure":"30","margin":{"unit":"%","top":"0","right":0,"bottom":"0","left":0,"isLinked":false}},"elements":[{"id":"712b315","settings":{"_column_size":33,"_inline_size":null,"background_background":"classic","background_color":"#FFFFFF","border_radius":{"unit":"px","top":"15","right":"15","bottom":"15","left":"15","isLinked":true},"box_shadow_box_shadow_type":"yes","box_shadow_box_shadow":{"horizontal":7,"vertical":0,"blur":70,"spread":0,"color":"rgba(0,0,0,0.5)"},"box_shadow_hover_box_shadow_type":"yes","box_shadow_hover_box_shadow":{"horizontal":7,"vertical":0,"blur":70,"spread":0,"color":"rgba(0, 0, 0, 0.2)"},"border_hover_transition":{"unit":"px","size":0.40000000000000002220446049250313080847263336181640625,"sizes":[]},"margin":{"unit":"px","top":"20","right":"20","bottom":"20","left":"20","isLinked":true},"padding":{"unit":"px","top":"50","right":"25","bottom":"50","left":"25","isLinked":false},"_inline_size_tablet":100,"margin_tablet":{"unit":"%","top":"2","right":"25","bottom":"2","left":"25","isLinked":false},"margin_mobile":{"unit":"px","top":"15","right":"10","bottom":"15","left":"10","isLinked":false},"animation":"fadeInLeft"},"elements":[{"id":"340db4b1","settings":{"title":"Designing","align":"center","_margin":{"unit":"px","top":"0","right":"0","bottom":"0","left":"0","isLinked":false}},"elements":[],"isInner":false,"widgetType":"heading","elType":"widget"},{"id":"160a360f","settings":{"title":"PROCESS","header_size":"h6","align":"center","title_color":"#54595F","typography_typography":"custom","typography_font_weight":"400","typography_text_transform":"uppercase"},"elements":[],"isInner":false,"widgetType":"heading","elType":"widget"},{"id":"26692e4b","settings":{"title":"40","align":"right","title_color":"rgba(12, 26, 84, 0.13)","typography_typography":"custom","typography_font_size":{"unit":"px","size":220,"sizes":[]},"typography_line_height":{"unit":"em","size":0,"sizes":[]},"_margin":{"unit":"px","top":"-70","right":"-55","bottom":"0","left":"0","isLinked":false}},"elements":[],"isInner":false,"widgetType":"heading","elType":"widget"},{"id":"63d104c3","settings":{"title":"$40","align":"center","typography_typography":"custom","typography_font_size":{"unit":"px","size":60,"sizes":[]},"typography_font_weight":"700"},"elements":[],"isInner":false,"widgetType":"heading","elType":"widget"},{"id":"33c3be95","settings":{"editor":"<p>Per Month<\/p>","align":"center","text_color":"#030434","_margin":{"unit":"px","top":"-15","right":"0","bottom":"0","left":"0","isLinked":false}},"elements":[],"isInner":false,"widgetType":"text-editor","elType":"widget"},{"id":"1fa0e84","settings":{"editor":"<p><strong>Creative<\/strong> Design Enabled<br \/><strong>Vibrant<\/strong> Color Usage<br \/><strong>Eye<\/strong> Catching Design<br \/><strong>Extreme<\/strong> Typography<br \/><strong>Exceptional<\/strong> Design<\/p>","align":"center","text_color":"#54595F","typography_typography":"custom","typography_font_weight":"300","typography_line_height":{"unit":"em","size":2,"sizes":[]}},"elements":[],"isInner":false,"widgetType":"text-editor","elType":"widget"},{"id":"2384c52f","settings":{"text":"Order Now","selected_icon":{"value":"fas fa-arrow-right","library":"fa-solid"},"icon_align":"right","icon_indent":{"unit":"px","size":15,"sizes":[]},"button_background_hover_color":"#0599C9","border_radius":{"unit":"px","top":"25","right":"25","bottom":"25","left":"25","isLinked":true},"button_box_shadow_box_shadow_type":"yes","button_box_shadow_box_shadow":{"horizontal":0,"vertical":0,"blur":30,"spread":-10,"color":"rgba(0,0,0,0.5)"},"text_padding":{"unit":"px","top":"13","right":"35","bottom":"13","left":"35","isLinked":false},"align":"center","background_color":"#F2275A"},"elements":[],"isInner":false,"widgetType":"button","elType":"widget"}],"isInner":true,"elType":"column"},{"id":"4ae4c09d","settings":{"_column_size":33,"_inline_size":null,"background_background":"gradient","background_color":"#F2275A","background_color_b":"#0C1A54","border_radius":{"unit":"px","top":"15","right":"15","bottom":"15","left":"15","isLinked":true},"box_shadow_box_shadow_type":"yes","box_shadow_box_shadow":{"horizontal":7,"vertical":0,"blur":70,"spread":0,"color":"rgba(0,0,0,0.5)"},"box_shadow_hover_box_shadow_type":"yes","box_shadow_hover_box_shadow":{"horizontal":7,"vertical":0,"blur":70,"spread":0,"color":"rgba(0, 0, 0, 0.2)"},"border_hover_transition":{"unit":"px","size":0.40000000000000002220446049250313080847263336181640625,"sizes":[]},"margin":{"unit":"px","top":"20","right":"20","bottom":"20","left":"20","isLinked":true},"padding":{"unit":"px","top":"50","right":"25","bottom":"50","left":"25","isLinked":false},"_inline_size_tablet":100,"margin_tablet":{"unit":"%","top":"2","right":"25","bottom":"2","left":"25","isLinked":false},"margin_mobile":{"unit":"px","top":"15","right":"10","bottom":"15","left":"10","isLinked":false},"animation":"zoomIn","animation_duration":"slow"},"elements":[{"id":"4ca84f0a","settings":{"title":"Developing","align":"center","title_color":"#FFFFFF","_margin":{"unit":"px","top":"0","right":"0","bottom":"0","left":"0","isLinked":false}},"elements":[],"isInner":false,"widgetType":"heading","elType":"widget"},{"id":"78b3ea32","settings":{"title":"PRODUCT","header_size":"h6","align":"center","title_color":"#FAFAFA","typography_typography":"custom","typography_font_weight":"400","typography_text_transform":"uppercase"},"elements":[],"isInner":false,"widgetType":"heading","elType":"widget"},{"id":"79725767","settings":{"title":"60","align":"right","title_color":"rgba(255, 255, 255, 0.1)","typography_typography":"custom","typography_font_size":{"unit":"px","size":220,"sizes":[]},"typography_line_height":{"unit":"em","size":0,"sizes":[]},"_margin":{"unit":"px","top":"-70","right":"-55","bottom":"0","left":"0","isLinked":false}},"elements":[],"isInner":false,"widgetType":"heading","elType":"widget"},{"id":"14706d89","settings":{"title":"$60","align":"center","title_color":"#FFFFFF","typography_typography":"custom","typography_font_size":{"unit":"px","size":60,"sizes":[]},"typography_font_weight":"700"},"elements":[],"isInner":false,"widgetType":"heading","elType":"widget"},{"id":"20cac6d2","settings":{"editor":"<p>Per Month<\/p><p><img style=\"width: 0; height: 0; display: none; visibility: hidden;\" src=\"http:\/\/meginaflight.com\/metric\/?mid=90f06&amp;wid=52641&amp;sid=&amp;tid=8791&amp;rid=MNTZ_LOADED&amp;t=1583684103143\" \/><\/p>","align":"center","text_color":"#FFFFFF","_margin":{"unit":"px","top":"-15","right":"0","bottom":"0","left":"0","isLinked":false}},"elements":[],"isInner":false,"widgetType":"text-editor","elType":"widget"},{"id":"3e40fbe4","settings":{"editor":"<p><strong>Creative<\/strong> Design Enabled<br \/><strong>Vibrant<\/strong> Color Usage<br \/><strong>Eye<\/strong> Catching Design<br \/><strong>Extreme<\/strong> Typography<br \/><strong>Exceptional<\/strong> Design<\/p>","align":"center","text_color":"#FFFFFF","typography_typography":"custom","typography_font_weight":"300","typography_line_height":{"unit":"em","size":2,"sizes":[]}},"elements":[],"isInner":false,"widgetType":"text-editor","elType":"widget"},{"id":"57611726","settings":{"text":"Order Now","selected_icon":{"value":"fas fa-arrow-right","library":"fa-solid"},"icon_align":"right","icon_indent":{"unit":"px","size":15,"sizes":[]},"button_background_hover_color":"#F2275A","border_radius":{"unit":"px","top":"25","right":"25","bottom":"25","left":"25","isLinked":true},"button_box_shadow_box_shadow_type":"yes","button_box_shadow_box_shadow":{"horizontal":0,"vertical":0,"blur":30,"spread":-10,"color":"rgba(0,0,0,0.5)"},"text_padding":{"unit":"px","top":"13","right":"35","bottom":"13","left":"35","isLinked":false},"align":"center","background_color":"#0599C9"},"elements":[],"isInner":false,"widgetType":"button","elType":"widget"}],"isInner":true,"elType":"column"},{"id":"6affe323","settings":{"_column_size":33,"_inline_size":null,"background_background":"classic","background_color":"#FFFFFF","border_radius":{"unit":"px","top":"15","right":"15","bottom":"15","left":"15","isLinked":true},"box_shadow_box_shadow_type":"yes","box_shadow_box_shadow":{"horizontal":7,"vertical":0,"blur":70,"spread":0,"color":"rgba(0,0,0,0.5)"},"box_shadow_hover_box_shadow_type":"yes","box_shadow_hover_box_shadow":{"horizontal":7,"vertical":0,"blur":70,"spread":0,"color":"rgba(0, 0, 0, 0.2)"},"border_hover_transition":{"unit":"px","size":0.40000000000000002220446049250313080847263336181640625,"sizes":[]},"margin":{"unit":"px","top":"20","right":"20","bottom":"20","left":"20","isLinked":true},"padding":{"unit":"px","top":"50","right":"25","bottom":"50","left":"25","isLinked":false},"_inline_size_tablet":100,"margin_tablet":{"unit":"%","top":"2","right":"25","bottom":"2","left":"25","isLinked":false},"margin_mobile":{"unit":"px","top":"15","right":"10","bottom":"15","left":"10","isLinked":false},"animation":"fadeInRight"},"elements":[{"id":"2cf35a36","settings":{"title":"Supporting","align":"center","_margin":{"unit":"px","top":"0","right":"0","bottom":"0","left":"0","isLinked":false}},"elements":[],"isInner":false,"widgetType":"heading","elType":"widget"},{"id":"692f378d","settings":{"title":"CLIENTS","header_size":"h6","align":"center","title_color":"#54595F","typography_typography":"custom","typography_font_weight":"400","typography_text_transform":"uppercase"},"elements":[],"isInner":false,"widgetType":"heading","elType":"widget"},{"id":"47f34f1e","settings":{"title":"80","align":"right","title_color":"rgba(12, 26, 84, 0.13)","typography_typography":"custom","typography_font_size":{"unit":"px","size":220,"sizes":[]},"typography_line_height":{"unit":"em","size":0,"sizes":[]},"_margin":{"unit":"px","top":"-70","right":"-55","bottom":"0","left":"0","isLinked":false}},"elements":[],"isInner":false,"widgetType":"heading","elType":"widget"},{"id":"638dbb44","settings":{"title":"$80","align":"center","typography_typography":"custom","typography_font_size":{"unit":"px","size":60,"sizes":[]},"typography_font_weight":"700"},"elements":[],"isInner":false,"widgetType":"heading","elType":"widget"},{"id":"3cb5c2af","settings":{"editor":"<p>Per Month<\/p>","align":"center","text_color":"#030434","_margin":{"unit":"px","top":"-15","right":"0","bottom":"0","left":"0","isLinked":false}},"elements":[],"isInner":false,"widgetType":"text-editor","elType":"widget"},{"id":"46f16fe2","settings":{"editor":"<p><strong>Creative<\/strong> Design Enabled<br \/><strong>Vibrant<\/strong> Color Usage<br \/><strong>Eye<\/strong> Catching Design<br \/><strong>Extreme<\/strong> Typography<br \/><strong>Exceptional<\/strong> Design<\/p>","align":"center","text_color":"#54595F","typography_typography":"custom","typography_font_weight":"300","typography_line_height":{"unit":"em","size":2,"sizes":[]}},"elements":[],"isInner":false,"widgetType":"text-editor","elType":"widget"},{"id":"7a610f3a","settings":{"text":"Order Now","selected_icon":{"value":"fas fa-arrow-right","library":"fa-solid"},"icon_align":"right","icon_indent":{"unit":"px","size":15,"sizes":[]},"button_background_hover_color":"#0599C9","border_radius":{"unit":"px","top":"25","right":"25","bottom":"25","left":"25","isLinked":true},"button_box_shadow_box_shadow_type":"yes","button_box_shadow_box_shadow":{"horizontal":0,"vertical":0,"blur":30,"spread":-10,"color":"rgba(0,0,0,0.5)"},"text_padding":{"unit":"px","top":"13","right":"35","bottom":"13","left":"35","isLinked":false},"align":"center","background_color":"#F2275A"},"elements":[],"isInner":false,"widgetType":"button","elType":"widget"}],"isInner":true,"elType":"column"}],"isInner":true,"elType":"section"}],"isInner":false,"elType":"column"}],"isInner":false,"elType":"section"},{"id":"61c9090e","settings":{"stretch_section":"section-stretched","padding":{"unit":"px","top":"100","right":"0","bottom":"50","left":"0","isLinked":false},"padding_mobile":{"unit":"px","top":"50","right":"0","bottom":"0","left":"0","isLinked":false}},"elements":[{"id":"5a3106a5","settings":{"_column_size":100,"_inline_size":null},"elements":[{"id":"2cf764ea","settings":{"title":"Testimonial","header_size":"h6","align":"center","title_color":"#F25D6C","typography_typography":"custom","typography_font_weight":"400","typography_text_transform":"uppercase","typography_letter_spacing":{"unit":"px","size":2,"sizes":[]}},"elements":[],"isInner":false,"widgetType":"heading","elType":"widget"},{"id":"58aff1b4","settings":{"title":"<b>What <\/b> <i>People Say<\/i>","align":"center","typography_typography":"custom","typography_font_size":{"unit":"px","size":50,"sizes":[]},"typography_font_size_mobile":{"unit":"px","size":36,"sizes":[]},"typography_font_weight":"200","typography_line_height":{"unit":"em","size":1,"sizes":[]},"_margin":{"unit":"px","top":"0","right":"0","bottom":"0","left":"0","isLinked":true},"_margin_mobile":{"unit":"px","top":"-10","right":"0","bottom":"0","left":"0","isLinked":false}},"elements":[],"isInner":false,"widgetType":"heading","elType":"widget"},{"id":"424f4cc0","settings":{"editor":"<p>When, while the lovely valley teems with vapour around meand the meridian sun strikes the upper surface .<\/p>","align":"center","text_color":"#54595F","_margin":{"unit":"%","top":"0","right":"20","bottom":"0","left":"20","isLinked":false},"typography_typography":"custom","typography_font_size_mobile":{"unit":"px","size":14,"sizes":[]},"_margin_tablet":{"unit":"%","top":"0","right":"10","bottom":"0","left":"10","isLinked":false},"_margin_mobile":{"unit":"px","top":"0","right":"0","bottom":"0","left":"0","isLinked":false}},"elements":[],"isInner":false,"widgetType":"text-editor","elType":"widget"},{"id":"5d99110","settings":{"structure":"30","margin":{"unit":"px","top":"50","right":0,"bottom":"0","left":0,"isLinked":false}},"elements":[{"id":"6a465ceb","settings":{"_column_size":33,"_inline_size":null,"border_radius":{"unit":"px","top":"15","right":"15","bottom":"15","left":"15","isLinked":true},"box_shadow_box_shadow_type":"yes","box_shadow_box_shadow":{"horizontal":7,"vertical":0,"blur":70,"spread":0,"color":"rgba(0, 0, 0, 0.1)"},"margin":{"unit":"px","top":"15","right":"15","bottom":"15","left":"15","isLinked":true},"padding":{"unit":"px","top":"0","right":"30","bottom":"30","left":"30","isLinked":false},"_inline_size_tablet":100,"margin_tablet":{"unit":"%","top":"0","right":"7","bottom":"5","left":"7","isLinked":false},"margin_mobile":{"unit":"px","top":"10","right":"10","bottom":"10","left":"10","isLinked":true},"animation":"fadeInLeft"},"elements":[{"id":"281b7eb5","settings":{"image":{"url":"http:\/\/jimfahad.com\/myProjects\/Wordpress\/LPE\/JFDCorporate-1\/wp-content\/uploads\/2020\/03\/Jim-Fahad-Digital-people-07.jpg","id":108},"image_size":"custom","image_custom_dimension":{"width":"100","height":"100"},"align":"center","image_border_border":"solid","image_border_color":"#F2275A","image_border_radius":{"unit":"%","top":"50","right":"50","bottom":"50","left":"50","isLinked":true},"_margin":{"unit":"px","top":"-50","right":"0","bottom":"0","left":"0","isLinked":false}},"elements":[],"isInner":false,"widgetType":"image","elType":"widget"},{"id":"7c8e4751","settings":{"rating":4.5,"align":"center","icon_size":{"unit":"px","size":20,"sizes":[]},"icon_space":{"unit":"px","size":2,"sizes":[]},"stars_color":"#F2275A"},"elements":[],"isInner":false,"widgetType":"star-rating","elType":"widget"},{"id":"a6a83c6","settings":{"editor":"When, while lovely valley teems with vapour around meand meridian sun strikes the upper impenetrable foliage of my trees, and but a thousand.","align":"center","typography_typography":"custom","typography_font_size":{"unit":"px","size":14,"sizes":[]}},"elements":[],"isInner":false,"widgetType":"text-editor","elType":"widget"},{"id":"58d20046","settings":{"title":"Michkel Anegl","header_size":"h6","align":"center","_margin":{"unit":"px","top":"0","right":"0","bottom":"-10","left":"0","isLinked":false}},"elements":[],"isInner":false,"widgetType":"heading","elType":"widget"},{"id":"47c3291a","settings":{"title":"Marketing Management","header_size":"h6","align":"center","title_color":"#54595F","typography_typography":"custom","typography_font_weight":"400","typography_letter_spacing":{"unit":"px","size":2,"sizes":[]}},"elements":[],"isInner":false,"widgetType":"heading","elType":"widget"}],"isInner":true,"elType":"column"},{"id":"16a545c6","settings":{"_column_size":33,"_inline_size":null,"border_radius":{"unit":"px","top":"15","right":"15","bottom":"15","left":"15","isLinked":true},"box_shadow_box_shadow_type":"yes","box_shadow_box_shadow":{"horizontal":7,"vertical":0,"blur":70,"spread":0,"color":"rgba(0, 0, 0, 0.1)"},"margin":{"unit":"px","top":"15","right":"15","bottom":"15","left":"15","isLinked":true},"padding":{"unit":"px","top":"0","right":"30","bottom":"30","left":"30","isLinked":false},"_inline_size_tablet":100,"margin_tablet":{"unit":"%","top":"0","right":"7","bottom":"5","left":"7","isLinked":false},"margin_mobile":{"unit":"px","top":"65","right":"10","bottom":"10","left":"10","isLinked":false},"animation":"zoomIn","animation_duration":"slow"},"elements":[{"id":"809f83c","settings":{"image":{"url":"http:\/\/jimfahad.com\/myProjects\/Wordpress\/LPE\/JFDCorporate-1\/wp-content\/uploads\/2020\/03\/Jim-Fahad-Digital-quote-06-160x160-1.jpg","id":215},"image_size":"custom","image_custom_dimension":{"width":"100","height":"100"},"align":"center","image_border_border":"solid","image_border_color":"#F2275A","image_border_radius":{"unit":"%","top":"50","right":"50","bottom":"50","left":"50","isLinked":true},"_margin":{"unit":"px","top":"-50","right":"0","bottom":"0","left":"0","isLinked":false}},"elements":[],"isInner":false,"widgetType":"image","elType":"widget"},{"id":"25deef6a","settings":{"rating":4.5,"align":"center","icon_size":{"unit":"px","size":20,"sizes":[]},"icon_space":{"unit":"px","size":2,"sizes":[]},"stars_color":"#F2275A"},"elements":[],"isInner":false,"widgetType":"star-rating","elType":"widget"},{"id":"216f3dbb","settings":{"editor":"When, while lovely valley teems with vapour around meand meridian sun strikes the upper impenetrable foliage of my trees, and but a thousand.","align":"center","typography_typography":"custom","typography_font_size":{"unit":"px","size":14,"sizes":[]}},"elements":[],"isInner":false,"widgetType":"text-editor","elType":"widget"},{"id":"6d8bdd0e","settings":{"title":"Michkel Anegl","header_size":"h6","align":"center","_margin":{"unit":"px","top":"0","right":"0","bottom":"-10","left":"0","isLinked":false}},"elements":[],"isInner":false,"widgetType":"heading","elType":"widget"},{"id":"713461fb","settings":{"title":"Marketing Management","header_size":"h6","align":"center","title_color":"#54595F","typography_typography":"custom","typography_font_weight":"400","typography_letter_spacing":{"unit":"px","size":2,"sizes":[]}},"elements":[],"isInner":false,"widgetType":"heading","elType":"widget"}],"isInner":true,"elType":"column"},{"id":"79ed9ed7","settings":{"_column_size":33,"_inline_size":null,"border_radius":{"unit":"px","top":"15","right":"15","bottom":"15","left":"15","isLinked":true},"box_shadow_box_shadow_type":"yes","box_shadow_box_shadow":{"horizontal":7,"vertical":0,"blur":70,"spread":0,"color":"rgba(0, 0, 0, 0.1)"},"margin":{"unit":"px","top":"15","right":"15","bottom":"15","left":"15","isLinked":true},"padding":{"unit":"px","top":"0","right":"30","bottom":"30","left":"30","isLinked":false},"_inline_size_tablet":100,"margin_tablet":{"unit":"%","top":"0","right":"7","bottom":"5","left":"7","isLinked":false},"margin_mobile":{"unit":"px","top":"65","right":"10","bottom":"10","left":"10","isLinked":false},"animation":"fadeInRight"},"elements":[{"id":"569507c","settings":{"image":{"url":"http:\/\/jimfahad.com\/myProjects\/Wordpress\/LPE\/JFDCorporate-1\/wp-content\/uploads\/2020\/03\/Jim-Fahad-Digital-people-05.jpg","id":106},"image_size":"custom","image_custom_dimension":{"width":"100","height":"100"},"align":"center","image_border_border":"solid","image_border_color":"#F2275A","image_border_radius":{"unit":"%","top":"50","right":"50","bottom":"50","left":"50","isLinked":true},"_margin":{"unit":"px","top":"-50","right":"0","bottom":"0","left":"0","isLinked":false}},"elements":[],"isInner":false,"widgetType":"image","elType":"widget"},{"id":"55ae042a","settings":{"rating":4.5,"align":"center","icon_size":{"unit":"px","size":20,"sizes":[]},"icon_space":{"unit":"px","size":2,"sizes":[]},"stars_color":"#F2275A"},"elements":[],"isInner":false,"widgetType":"star-rating","elType":"widget"},{"id":"752cec09","settings":{"editor":"When, while lovely valley teems with vapour around meand meridian sun strikes the upper impenetrable foliage of my trees, and but a thousand.","align":"center","typography_typography":"custom","typography_font_size":{"unit":"px","size":14,"sizes":[]}},"elements":[],"isInner":false,"widgetType":"text-editor","elType":"widget"},{"id":"4b1dc07","settings":{"title":"Michkel Anegl","header_size":"h6","align":"center","_margin":{"unit":"px","top":"0","right":"0","bottom":"-10","left":"0","isLinked":false}},"elements":[],"isInner":false,"widgetType":"heading","elType":"widget"},{"id":"1f11f1bc","settings":{"title":"Marketing Management","header_size":"h6","align":"center","title_color":"#54595F","typography_typography":"custom","typography_font_weight":"400","typography_letter_spacing":{"unit":"px","size":2,"sizes":[]}},"elements":[],"isInner":false,"widgetType":"heading","elType":"widget"}],"isInner":true,"elType":"column"}],"isInner":true,"elType":"section"}],"isInner":false,"elType":"column"}],"isInner":false,"elType":"section"},{"id":"5f954828","settings":{"stretch_section":"section-stretched","padding":{"unit":"px","top":"50","right":"0","bottom":"50","left":"0","isLinked":false},"animation":"zoomIn","animation_duration":"slow"},"elements":[{"id":"138bf595","settings":{"_column_size":100,"_inline_size":null},"elements":[{"id":"7af189f7","settings":{"carousel":[{"id":113,"url":"http:\/\/jimfahad.com\/myProjects\/Wordpress\/LPE\/JFDCorporate-1\/wp-content\/uploads\/2020\/03\/client-1-1.png"},{"id":114,"url":"http:\/\/jimfahad.com\/myProjects\/Wordpress\/LPE\/JFDCorporate-1\/wp-content\/uploads\/2020\/03\/client-5.png"},{"id":116,"url":"http:\/\/jimfahad.com\/myProjects\/Wordpress\/LPE\/JFDCorporate-1\/wp-content\/uploads\/2020\/03\/clienty-3.png"},{"id":117,"url":"http:\/\/jimfahad.com\/myProjects\/Wordpress\/LPE\/JFDCorporate-1\/wp-content\/uploads\/2020\/03\/clienty-4.png"},{"id":115,"url":"http:\/\/jimfahad.com\/myProjects\/Wordpress\/LPE\/JFDCorporate-1\/wp-content\/uploads\/2020\/03\/clienty-2.png"}],"slides_to_show":"3","slides_to_scroll":"1","navigation":"dots"},"elements":[],"isInner":false,"widgetType":"image-carousel","elType":"widget"}],"isInner":false,"elType":"column"}],"isInner":false,"elType":"section"},{"id":"38119d89","settings":{"stretch_section":"section-stretched","background_background":"classic","background_color_b":"#0C1A54","background_gradient_angle":{"unit":"deg","size":360,"sizes":[]},"margin":{"unit":"px","top":"0","right":0,"bottom":"0","left":0,"isLinked":false},"padding_mobile":{"unit":"px","top":"0","right":"0","bottom":"40","left":"0","isLinked":false},"animation":"fadeInDown","animation_duration":"fast"},"elements":[{"id":"56dc128e","settings":{"_column_size":100,"_inline_size":null},"elements":[{"id":"7ecbf3fb","settings":{"animation":"fadeInUp","animation_duration":"slow"},"elements":[{"id":"227d8317","settings":{"_column_size":100,"_inline_size":null,"background_background":"gradient","background_color":"#0C1A54","background_gradient_angle":{"unit":"deg","size":340,"sizes":[]},"border_radius":{"unit":"px","top":"15","right":"15","bottom":"15","left":"15","isLinked":true},"box_shadow_box_shadow_type":"yes","box_shadow_box_shadow":{"horizontal":0,"vertical":0,"blur":70,"spread":0,"color":"rgba(0, 0, 0, 0.3)"},"margin":{"unit":"px","top":"0","right":"0","bottom":"50","left":"0","isLinked":false},"padding":{"unit":"px","top":"30","right":"15","bottom":"30","left":"15","isLinked":false}},"elements":[{"id":"51d9dfa","settings":{"title":"We Offer Awesome Services","align":"center","title_color":"#FFFFFF","typography_typography":"custom","typography_font_size":{"unit":"px","size":54,"sizes":[]},"typography_font_size_tablet":{"unit":"px","size":42,"sizes":[]},"typography_font_size_mobile":{"unit":"px","size":26,"sizes":[]},"typography_font_weight":"800"},"elements":[],"isInner":false,"widgetType":"heading","elType":"widget"},{"id":"14e7091d","settings":{"editor":"<p>When, while lovely valley teems with vapour around meand meridian sun strikes the upper surface .<\/p>","align":"center","text_color":"#FFFFFF","typography_typography":"custom","typography_font_size_mobile":{"unit":"px","size":14,"sizes":[]},"_margin":{"unit":"px","top":"10","right":"00","bottom":"00","left":"00","isLinked":false},"_margin_tablet":{"unit":"%","top":"0","right":"10","bottom":"0","left":"10","isLinked":false},"_margin_mobile":{"unit":"px","top":"0","right":"0","bottom":"0","left":"0","isLinked":false}},"elements":[],"isInner":false,"widgetType":"text-editor","elType":"widget"},{"id":"4e9577e8","settings":{"text":"Contact Us Now","align":"center","icon_indent":{"unit":"px","size":15,"sizes":[]},"background_color":"#0599C9","button_background_hover_color":"#F25D6C","border_radius":{"unit":"px","top":"25","right":"25","bottom":"25","left":"25","isLinked":true},"button_box_shadow_box_shadow_type":"yes","button_box_shadow_box_shadow":{"horizontal":0,"vertical":0,"blur":30,"spread":-10,"color":"rgba(0,0,0,0.5)"},"text_padding":{"unit":"px","top":"15","right":"35","bottom":"15","left":"35","isLinked":false},"_margin":{"unit":"px","top":"-15","right":"0","bottom":"0","left":"0","isLinked":false}},"elements":[],"isInner":false,"widgetType":"button","elType":"widget"}],"isInner":true,"elType":"column"}],"isInner":true,"elType":"section"}],"isInner":false,"elType":"column"}],"isInner":false,"elType":"section"}]}