{"version":"0.4","title":"CPW Personal Website","type":"page","content":[{"id":"7546f37d","settings":{"height":"min-height","custom_height":{"unit":"px","size":780},"background_background":"classic","background_image":{"url":"http:\/\/outworldgames.com\/wp-content\/uploads\/2018\/12\/Sample-Image.jpg","id":502},"background_position":"center center","background_attachment":"fixed","background_size":"cover","_element_id":"top"},"elements":[{"id":"496c4e5e","settings":{"_column_size":100},"elements":[{"id":"e8d393b","settings":{"title":"YOUR FULL NAME","align":"center","title_color":"#ffffff","typography_typography":"custom","typography_font_size":{"unit":"px","size":60},"text_shadow_text_shadow_type":"yes","text_shadow_text_shadow":{"horizontal":0,"vertical":0,"blur":9,"color":"rgba(0,0,0,0.4)"}},"elements":[],"isInner":false,"widgetType":"heading","elType":"widget"},{"id":"224dcfc","settings":{"weight":{"unit":"px","size":2},"color":"#ffffff","width":{"unit":"%","size":41},"align":"center","gap":{"unit":"px","size":2}},"elements":[],"isInner":false,"widgetType":"divider","elType":"widget"},{"id":"5c9c8ac0","settings":{"title":"<i>Replace This . With Cool Stuff . That You Do <\/i>","align":"center","title_color":"#ffffff","typography_typography":"custom","typography_font_size":{"unit":"px","size":18},"text_shadow_text_shadow_type":"yes","text_shadow_text_shadow":{"horizontal":0,"vertical":0,"blur":4,"color":"rgba(0,0,0,0.47)"}},"elements":[],"isInner":false,"widgetType":"heading","elType":"widget"}],"isInner":false,"elType":"column"}],"isInner":false,"elType":"section"},{"id":"52f0c4ac","settings":{"layout":"full_width","height":"min-height","custom_height":{"unit":"px","size":481},"column_position":"stretch","structure":"20","margin":{"unit":"px","top":"","right":0,"bottom":"","left":0,"isLinked":true}},"elements":[{"id":"2b4fe377","settings":{"_column_size":50,"background_background":"classic","background_image":{"url":"http:\/\/outworldgames.com\/wp-content\/uploads\/2018\/12\/Sample-Portrait.jpg","id":504},"background_position":"top center","background_size":"cover","padding_mobile":{"unit":"px","top":"119","right":"119","bottom":"119","left":"119","isLinked":true}},"elements":[{"id":"3e8a9db2","settings":[],"elements":[],"isInner":false,"widgetType":"shortcode","elType":"widget"}],"isInner":false,"elType":"column"},{"id":"2edd21c7","settings":{"_column_size":50,"_inline_size":null,"content_position":"center","background_background":"classic","background_image":{"url":"http:\/\/outworldgames.com\/wp-content\/uploads\/2018\/12\/Sample-Image.jpg","id":502},"background_position":"center center","background_size":"cover","background_overlay_background":"classic","background_overlay_color":"#000000","background_overlay_opacity":{"unit":"px","size":0.75},"padding":{"unit":"px","top":"80","right":"80","bottom":"80","left":"80","isLinked":true}},"elements":[{"id":"78c83ee7","settings":{"title":"About Me","align":"left","title_color":"#ffffff","typography_typography":"custom","typography_font_size":{"unit":"px","size":32}},"elements":[],"isInner":false,"widgetType":"heading","elType":"widget"},{"id":"6c0c1840","settings":{"title":"I'm a paragraph. Click here to add your own text and edit me. It\u2019s easy. click \u201cEdit Text\u201d or double click me to add your own content and make changes to the font. This is a great space to write long text about your company and your services.<br><br>You can use this space to go into a little more detail about your company. Talk about your team and what services you provide.","header_size":"p","title_color":"#ffffff","typography_typography":"custom","typography_font_size":{"unit":"px","size":12},"typography_line_height":{"unit":"em","size":1.7}},"elements":[],"isInner":false,"widgetType":"heading","elType":"widget"},{"id":"38ebae8e","settings":{"text":"See Portfolio","background_color":"#ef6c15","button_background_hover_color":"#ce6000","hover_animation":"grow","link":{"url":"#films","is_external":"","nofollow":""},"align_mobile":"center","size":"xs"},"elements":[],"isInner":false,"widgetType":"button","elType":"widget"}],"isInner":false,"elType":"column"}],"isInner":false,"elType":"section"},{"id":"10375951","settings":{"height":"min-height","custom_height":{"unit":"px","size":600},"structure":"30","background_background":"classic","background_image":{"url":"http:\/\/outworldgames.com\/wp-content\/uploads\/2018\/12\/Sample-Goat.jpg","id":505},"background_position":"top center","background_attachment":"fixed","background_size":"cover","background_overlay_background":"classic","background_overlay_color":"#000000","background_overlay_opacity":{"unit":"px","size":0.4},"padding_tablet":{"unit":"px","top":"0","right":"36","bottom":"0","left":"36","isLinked":false},"padding_mobile":{"unit":"px","top":"45","right":"10","bottom":"45","left":"10","isLinked":false}},"elements":[{"id":"1005eb3","settings":{"_column_size":33,"_inline_size":null},"elements":[{"id":"4b284e5f","settings":{"title_text":"Sample Icon","description_text":"Click edit button to change this text. Lorem ipsum dolor sit amet, consectetur adipiscing elit. Ut elit tellus, luctus nec ullamcorper mattis, pulvinar dapibus leo.","primary_color":"#ffffff","hover_primary_color":"#59acd6","hover_animation":"grow","icon_size":{"unit":"px","size":75},"title_color":"#ffffff","description_color":"#ffffff"},"elements":[],"isInner":false,"widgetType":"icon-box","elType":"widget"}],"isInner":false,"elType":"column"},{"id":"40f8f0d0","settings":{"_column_size":33,"_inline_size":null},"elements":[{"id":"72de6ee9","settings":{"icon":"fa fa-car","title_text":"Sample Icon","description_text":"Click edit button to change this text. Lorem ipsum dolor sit amet, consectetur adipiscing elit. Ut elit tellus, luctus nec ullamcorper mattis, pulvinar dapibus leo.","primary_color":"#ffffff","hover_primary_color":"#59acd6","hover_animation":"grow","icon_size":{"unit":"px","size":75},"title_color":"#ffffff","description_color":"#ffffff"},"elements":[],"isInner":false,"widgetType":"icon-box","elType":"widget"}],"isInner":false,"elType":"column"},{"id":"6bc311c3","settings":{"_column_size":33,"_inline_size":null},"elements":[{"id":"4067f3e4","settings":{"icon":"fa fa-user-circle","title_text":"Sample Icon","description_text":"Click edit button to change this text. Lorem ipsum dolor sit amet, consectetur adipiscing elit. Ut elit tellus, luctus nec ullamcorper mattis, pulvinar dapibus leo.","primary_color":"#ffffff","hover_primary_color":"#59acd6","hover_animation":"grow","icon_size":{"unit":"px","size":75},"title_color":"#ffffff","description_color":"#ffffff"},"elements":[],"isInner":false,"widgetType":"icon-box","elType":"widget"}],"isInner":false,"elType":"column"}],"isInner":false,"elType":"section"},{"id":"734b3dfc","settings":{"background_background":"classic","background_color":"#1c1c1c","padding":{"unit":"px","top":"15","right":"15","bottom":"15","left":"15","isLinked":true}},"elements":[{"id":"c3cda8d","settings":{"_column_size":100},"elements":[{"id":"66ce47ad","settings":{"title":"Videos","align":"center","title_color":"#ffffff","typography_typography":"custom","typography_font_size":{"unit":"px","size":32}},"elements":[],"isInner":false,"widgetType":"heading","elType":"widget"},{"id":"2fee49d2","settings":{"width":{"unit":"%","size":21},"align":"center","gap":{"unit":"px","size":2}},"elements":[],"isInner":false,"widgetType":"divider","elType":"widget"},{"id":"1e2b7aa8","settings":{"title":"Want to see more? Subscribe to my Youtube Channel!","align":"center","title_color":"#ffffff","typography_typography":"custom","typography_font_size":{"unit":"px","size":14},"_padding":{"unit":"px","top":"0","right":"0","bottom":"0","left":"0","isLinked":true}},"elements":[],"isInner":false,"widgetType":"heading","elType":"widget"},{"id":"2a5f58e8","settings":{"text":"Subscribe","link":{"url":"https:\/\/www.youtube.com\/channel\/UCTyTdlfNfePSzI8WXhf2RsA?sub_confirmation=1","is_external":"on","nofollow":""},"align":"center","icon":"fa fa-youtube-play","background_color":"#ff0000","button_background_hover_color":"#a80000","size":"xs"},"elements":[],"isInner":false,"widgetType":"button","elType":"widget"}],"isInner":false,"elType":"column"}],"isInner":false,"elType":"section"},{"id":"4082dedb","settings":{"structure":"20","background_background":"classic","background_color":"#1c1c1c","background_position":"top center","background_attachment":"fixed","background_size":"cover","background_overlay_background":"classic","background_overlay_color":"#000000","background_overlay_opacity":{"unit":"px","size":0.8},"padding":{"unit":"px","top":"80","right":"0","bottom":"80","left":"0","isLinked":false},"background_image":{"url":"http:\/\/outworldgames.com\/wp-content\/uploads\/2018\/12\/Sample-Image.jpg","id":502},"padding_tablet":{"unit":"px","top":"80","right":"30","bottom":"80","left":"30","isLinked":false}},"elements":[{"id":"2e005b36","settings":{"_column_size":50,"_inline_size":null},"elements":[{"id":"598468cc","settings":{"youtube_url":"https:\/\/www.youtube.com\/watch?v=9uOETcuFjbE","vimeo_url":"https:\/\/vimeo.com\/235215203","dailymotion_url":"https:\/\/www.dailymotion.com\/video\/x6tqhqb"},"elements":[],"isInner":false,"widgetType":"video","elType":"widget"}],"isInner":false,"elType":"column"},{"id":"621d5f94","settings":{"_column_size":50,"_inline_size":null},"elements":[{"id":"4414328d","settings":{"youtube_url":"https:\/\/www.youtube.com\/watch?v=9uOETcuFjbE","vimeo_url":"https:\/\/vimeo.com\/235215203","dailymotion_url":"https:\/\/www.dailymotion.com\/video\/x6tqhqb"},"elements":[],"isInner":false,"widgetType":"video","elType":"widget"}],"isInner":false,"elType":"column"}],"isInner":false,"elType":"section"},{"id":"37eeaf54","settings":{"background_background":"classic","background_color":"#1c1c1c","padding":{"unit":"px","top":"15","right":"15","bottom":"15","left":"15","isLinked":true}},"elements":[{"id":"3a16e72e","settings":{"_column_size":100,"space_between_widgets":0},"elements":[{"id":"7e14b4fd","settings":{"title":"Photos","align":"center","title_color":"#ffffff","typography_typography":"custom","typography_font_size":{"unit":"px","size":32}},"elements":[],"isInner":false,"widgetType":"heading","elType":"widget"},{"id":"70aa98d0","settings":{"width":{"unit":"%","size":21},"align":"center","gap":{"unit":"px","size":19}},"elements":[],"isInner":false,"widgetType":"divider","elType":"widget"},{"id":"42a7bbd7","settings":{"title":"Check out my Instagram for more pics! @YOURINSTAGRAM","align":"center","title_color":"#ffffff","typography_typography":"custom","typography_font_size":{"unit":"px","size":14},"typography_line_height":{"unit":"em","size":2.1},"typography_font_size_mobile":{"unit":"px","size":14}},"elements":[],"isInner":false,"widgetType":"heading","elType":"widget"},{"id":"5ab13fbe","settings":{"social_icon_list":[{"social":"fa fa-instagram","_id":"9a934e8","link":{"url":"https:\/\/www.instagram.com\/dalemcmanus\/","is_external":"true","nofollow":""}}],"icon_color":"custom","icon_primary_color":"#ef154c","hover_primary_color":"#a80043","icon_size":{"unit":"px","size":18}},"elements":[],"isInner":false,"widgetType":"social-icons","elType":"widget"}],"isInner":false,"elType":"column"}],"isInner":false,"elType":"section"},{"id":"30b6ee3c","settings":{"height":"min-height","custom_height":{"unit":"px","size":472},"background_background":"classic","background_color":"#1c1c1c","background_position":"top center","background_attachment":"fixed","background_size":"cover","background_overlay_background":"classic","background_overlay_color":"#000000","background_overlay_opacity":{"unit":"px","size":0.8},"padding":{"unit":"px","top":"50","right":"0","bottom":"50","left":"0","isLinked":false},"background_image":{"url":"http:\/\/outworldgames.com\/wp-content\/uploads\/2018\/12\/Sample-Goat.jpg","id":505}},"elements":[{"id":"6566caa5","settings":{"_column_size":100,"_inline_size":null},"elements":[{"id":"193bdd70","settings":{"wp_gallery":[{"id":507,"url":"http:\/\/outworldgames.com\/wp-content\/uploads\/2018\/12\/Sample-Image-1.jpg"},{"id":508,"url":"http:\/\/outworldgames.com\/wp-content\/uploads\/2018\/12\/Sample-Image-2.jpg"},{"id":509,"url":"http:\/\/outworldgames.com\/wp-content\/uploads\/2018\/12\/Sample-Image-3.jpg"},{"id":502,"url":"http:\/\/outworldgames.com\/wp-content\/uploads\/2018\/12\/Sample-Image.jpg"}],"thumbnail_size":"large","gallery_columns":"2","image_spacing":"custom"},"elements":[],"isInner":false,"widgetType":"image-gallery","elType":"widget"}],"isInner":false,"elType":"column"}],"isInner":false,"elType":"section"},{"id":"697ac793","settings":{"background_background":"classic","background_color":"#1c1c1c","padding":{"unit":"px","top":"15","right":"15","bottom":"15","left":"15","isLinked":true}},"elements":[{"id":"5838ba5d","settings":{"_column_size":100},"elements":[{"id":"547f5b1","settings":{"title":"Website Design","align":"center","title_color":"#ffffff","typography_typography":"custom","typography_font_size":{"unit":"px","size":32}},"elements":[],"isInner":false,"widgetType":"heading","elType":"widget"},{"id":"1e527933","settings":{"width":{"unit":"%","size":21},"align":"center","gap":{"unit":"px","size":2}},"elements":[],"isInner":false,"widgetType":"divider","elType":"widget"},{"id":"5f941003","settings":{"text":"Get a Quote","align":"center","background_color":"#16b1f9","hover_color":"#ffffff","button_background_hover_color":"#0076ad","hover_animation":"grow","link":{"url":"#contact","is_external":"","nofollow":""},"size":"xs"},"elements":[],"isInner":false,"widgetType":"button","elType":"widget"}],"isInner":false,"elType":"column"}],"isInner":false,"elType":"section"},{"id":"bae6bfc","settings":{"structure":"20","background_background":"classic","background_color":"#1c1c1c","padding":{"unit":"px","top":"50","right":"0","bottom":"50","left":"0","isLinked":false},"background_overlay_background":"classic","background_overlay_color":"#000000","background_overlay_opacity":{"unit":"px","size":0.8},"background_image":{"url":"http:\/\/outworldgames.com\/wp-content\/uploads\/2018\/12\/Sample-Image.jpg","id":502},"background_position":"top center","background_attachment":"fixed","background_size":"cover","padding_tablet":{"unit":"px","top":"30","right":"30","bottom":"30","left":"30","isLinked":true}},"elements":[{"id":"66c884dc","settings":{"_column_size":50,"_inline_size":null,"padding":{"unit":"px","top":"42","right":"42","bottom":"42","left":"42","isLinked":true}},"elements":[{"id":"60946eb6","settings":{"icon":"fa fa-paint-brush","title_text":"Design","description_text":"Click edit button to change this text. Lorem ipsum dolor sit amet, consectetur adipiscing elit. Ut elit tellus, luctus nec ullamcorper mattis, pulvinar dapibus leo.","position":"left","primary_color":"#ffffff","title_color":"#ffffff"},"elements":[],"isInner":false,"widgetType":"icon-box","elType":"widget"},{"id":"4b172947","settings":{"icon":"fa fa-dot-circle-o","title_text":"SEO","description_text":"Click edit button to change this text. Lorem ipsum dolor sit amet, consectetur adipiscing elit. Ut elit tellus, luctus nec ullamcorper mattis, pulvinar dapibus leo.","position":"left","primary_color":"#ffffff","title_color":"#ffffff"},"elements":[],"isInner":false,"widgetType":"icon-box","elType":"widget"},{"id":"2a73b863","settings":{"icon":"fa fa-shopping-cart","title_text":"E-Commerce","description_text":"Click edit button to change this text. Lorem ipsum dolor sit amet, consectetur adipiscing elit. Ut elit tellus, luctus nec ullamcorper mattis, pulvinar dapibus leo.","position":"left","primary_color":"#ffffff","title_color":"#ffffff"},"elements":[],"isInner":false,"widgetType":"icon-box","elType":"widget"},{"id":"20fc629b","settings":{"icon":"fa fa-lock","title_text":"Security","description_text":"Click edit button to change this text. Lorem ipsum dolor sit amet, consectetur adipiscing elit. Ut elit tellus, luctus nec ullamcorper mattis, pulvinar dapibus leo.","position":"left","primary_color":"#ffffff","title_color":"#ffffff"},"elements":[],"isInner":false,"widgetType":"icon-box","elType":"widget"},{"id":"36da3b0a","settings":{"icon":"fa fa-video-camera","title_text":"Content Creation","description_text":"Click edit button to change this text. Lorem ipsum dolor sit amet, consectetur adipiscing elit. Ut elit tellus, luctus nec ullamcorper mattis, pulvinar dapibus leo.","position":"left","primary_color":"#ffffff","title_color":"#ffffff"},"elements":[],"isInner":false,"widgetType":"icon-box","elType":"widget"},{"id":"3aab11b4","settings":{"icon":"fa fa-link","title_text":"Link Building","description_text":"Click edit button to change this text. Lorem ipsum dolor sit amet, consectetur adipiscing elit. Ut elit tellus, luctus nec ullamcorper mattis, pulvinar dapibus leo.","position":"left","primary_color":"#ffffff","title_color":"#ffffff"},"elements":[],"isInner":false,"widgetType":"icon-box","elType":"widget"},{"id":"7caaa48","settings":{"text":"Get a Quote","align":"center","background_color":"#16b1f9","hover_color":"#ffffff","button_background_hover_color":"#0076ad","hover_animation":"grow","_padding":{"unit":"px","top":"20","right":"10","bottom":"10","left":"10","isLinked":false},"link":{"url":"#contact","is_external":"","nofollow":""},"size":"xs"},"elements":[],"isInner":false,"widgetType":"button","elType":"widget"}],"isInner":false,"elType":"column"},{"id":"4c21ca59","settings":{"_column_size":50,"_inline_size":null},"elements":[{"id":"58d68c5d","settings":{"image":{"url":"http:\/\/outworldgames.com\/wp-content\/uploads\/2018\/12\/Website-1.jpg","id":425}},"elements":[],"isInner":false,"widgetType":"image","elType":"widget"},{"id":"322a0330","settings":{"image":{"url":"http:\/\/outworldgames.com\/wp-content\/uploads\/2018\/12\/Thumbnail-1.jpg","id":426}},"elements":[],"isInner":false,"widgetType":"image","elType":"widget"},{"id":"73055f69","settings":{"image":{"url":"http:\/\/outworldgames.com\/wp-content\/uploads\/2018\/12\/Capture.png","id":434}},"elements":[],"isInner":false,"widgetType":"image","elType":"widget"}],"isInner":false,"elType":"column"}],"isInner":false,"elType":"section"},{"id":"6dcbcb91","settings":{"background_background":"classic","background_color":"#1c1c1c"},"elements":[{"id":"1035fce7","settings":{"_column_size":100},"elements":[{"id":"2105ba9f","settings":{"title":"Contact Me","align":"center","title_color":"#ffffff","typography_typography":"custom","typography_font_size":{"unit":"px","size":32},"_padding":{"unit":"px","top":"30","right":"30","bottom":"30","left":"30","isLinked":true}},"elements":[],"isInner":false,"widgetType":"heading","elType":"widget"}],"isInner":false,"elType":"column"}],"isInner":false,"elType":"section"},{"id":"237cf13","settings":{"structure":"20","background_background":"classic","background_color":"#e2e2e2","background_image":{"url":"http:\/\/outworldgames.com\/wp-content\/uploads\/2018\/12\/Sample-Goat.jpg","id":505},"background_position":"center center","background_size":"cover","background_overlay_background":"classic","background_overlay_color":"#0c0c0c","background_overlay_opacity":{"unit":"px","size":0.8},"padding":{"unit":"px","top":"50","right":"50","bottom":"50","left":"50","isLinked":true},"padding_tablet":{"unit":"px","top":"20","right":"20","bottom":"20","left":"20","isLinked":true},"padding_mobile":{"unit":"px","top":"20","right":"0","bottom":"20","left":"0","isLinked":false}},"elements":[{"id":"e4ab1e4","settings":{"_column_size":50,"_inline_size":null,"background_color":"#ffffff","padding_mobile":{"unit":"px","top":"28","right":"28","bottom":"28","left":"28","isLinked":true}},"elements":[{"id":"6188997a","settings":{"cf7":"346","textinput":"background: white","textarea":"background: white","inputsubmit":"background: light blue;"},"elements":[],"isInner":false,"widgetType":"void-section-cf7","elType":"widget"}],"isInner":false,"elType":"column"},{"id":"5c1f04a6","settings":{"_column_size":50,"_inline_size":null,"background_color":"#ffffff","padding":{"unit":"px","top":"20","right":"40","bottom":"40","left":"40","isLinked":false}},"elements":[{"id":"5e766461","settings":{"icon_list":[{"text":"(123) 456-7890","icon":"fa fa-phone","_id":"249750c","link":{"url":"","is_external":"","nofollow":""}},{"text":"contact@createaprowebsite.com","icon":"fa fa-envelope","_id":"3ec214a","link":{"url":"","is_external":"","nofollow":""}},{"text":"123 Address Dr. Nowhere, CA 12345","icon":"fa fa-dot-circle-o","_id":"b8d8094","link":{"url":"","is_external":"","nofollow":""}}],"icon_color":"#00bbf9","text_color":"#828282"},"elements":[],"isInner":false,"widgetType":"icon-list","elType":"widget"},{"id":"24305551","settings":[],"elements":[],"isInner":false,"widgetType":"divider","elType":"widget"},{"id":"68fbf1a2","settings":{"address":"Silicon Valley, CA"},"elements":[],"isInner":false,"widgetType":"google_maps","elType":"widget"},{"id":"188d4b8f","settings":{"title":"I typically reply to all email inquiries within 24 hours.","header_size":"p","title_color":"#7f7f7f","typography_typography":"custom","_padding":{"unit":"px","top":"20","right":"0","bottom":"20","left":"0","isLinked":false}},"elements":[],"isInner":false,"widgetType":"heading","elType":"widget"}],"isInner":false,"elType":"column"}],"isInner":false,"elType":"section"}]}