{"version":"0.4","title":"CPW Personal Footer","type":"page","content":[{"id":"da82bdc","settings":{"layout":"full_width","height":"min-height","custom_height":{"unit":"px","size":72},"background_background":"classic","background_color":"#1c1c1c"},"elements":[{"id":"28d63b4","settings":{"_column_size":100,"_inline_size":null},"elements":[{"id":"d71e0be","settings":{"text":"Back to Top","link":{"url":"#top","is_external":"","nofollow":""},"align":"center","icon":"fa fa-angle-up","background_color":"rgba(0,0,0,0)","button_background_hover_color":"rgba(0,0,0,0)"},"elements":[],"isInner":false,"widgetType":"button","elType":"widget"}],"isInner":false,"elType":"column"}],"isInner":false,"elType":"section"},{"id":"12f0c4c1","settings":{"layout":"full_width","height":"min-height","custom_height":{"unit":"px","size":72},"structure":"20","background_background":"classic","background_color":"#0c0c0c"},"elements":[{"id":"626d8e5f","settings":{"_column_size":50,"_inline_size":null},"elements":[{"id":"4f484b8b","settings":{"text":"2018 Dale McManus ","align":"right","size":"xs","icon":"fa fa-copyright","button_text_color":"#515151","background_color":"rgba(0,0,0,0)","hover_color":"#515151","button_background_hover_color":"rgba(0,0,0,0)"},"elements":[],"isInner":false,"widgetType":"button","elType":"widget"}],"isInner":false,"elType":"column"},{"id":"61cfd88","settings":{"_column_size":50,"_inline_size":null},"elements":[{"id":"4f45837a","settings":{"social_icon_list":[{"social":"fa fa-youtube","_id":"d94ea63","link":{"url":"https:\/\/www.youtube.com\/channel\/UCTyTdlfNfePSzI8WXhf2RsA?sub_confirmation=1","is_external":"true","nofollow":""}},{"social":"fa fa-facebook","_id":"1406eb5","link":{"url":"https:\/\/www.facebook.com\/createaprowebsite","is_external":"true","nofollow":""}},{"social":"fa fa-instagram","_id":"ff477a1","link":{"url":"https:\/\/www.instagram.com\/dalemcmanus\/","is_external":"true","nofollow":""}}],"align":"left","icon_color":"custom","icon_primary_color":"#515151","icon_secondary_color":"#0c0000","icon_size":{"unit":"px","size":14},"icon_spacing":{"unit":"px","size":12}},"elements":[],"isInner":false,"widgetType":"social-icons","elType":"widget"}],"isInner":false,"elType":"column"}],"isInner":false,"elType":"section"}]}