{"version":"0.4","title":"JFD Template","type":"page","content":[{"id":"422fcb69","settings":[],"elements":[{"id":"2fb47a70","settings":{"_column_size":100,"_inline_size":null},"elements":[],"isInner":false,"elType":"column"}],"isInner":false,"elType":"section"},{"id":"e228d34","settings":{"stretch_section":"section-stretched","height":"min-height","custom_height":{"unit":"vh","size":90,"sizes":[]},"background_background":"classic","background_image":{"url":"http:\/\/jimfahad.com\/myProjects\/Wordpress\/LPE\/FA-Portfolio\/wp-content\/uploads\/2020\/03\/background-Image-1.jpg","id":172},"background_position":"center center","background_attachment":"fixed","background_repeat":"no-repeat","background_size":"cover","background_overlay_color":"#C3083F","background_overlay_opacity":{"unit":"px","size":0.330000000000000015543122344752191565930843353271484375,"sizes":[]},"shape_divider_bottom":"tilt","shape_divider_bottom_color":"#1A1A1C","shape_divider_bottom_width":{"unit":"%","size":155,"sizes":[]},"shape_divider_bottom_height":{"unit":"px","size":100,"sizes":[]},"custom_height_mobile":{"unit":"px","size":500,"sizes":[]},"background_overlay_background":"classic","shape_divider_bottom_height_mobile":{"unit":"px","size":50,"sizes":[]},"custom_height_tablet":{"unit":"px","size":600,"sizes":[]},"padding_tablet":{"unit":"px","top":"0","right":"0","bottom":"0","left":"0","isLinked":false}},"elements":[{"id":"19a1df4","settings":{"_column_size":100,"_inline_size":null},"elements":[{"id":"12e06f17","settings":{"structure":"20","padding_tablet":{"unit":"px","top":"0","right":"0","bottom":"0","left":"0","isLinked":false}},"elements":[{"id":"79713f66","settings":{"_column_size":50,"_inline_size":42.090000000000003410605131648480892181396484375,"_inline_size_tablet":10,"hide_mobile":"hidden-phone"},"elements":[],"isInner":true,"elType":"column"},{"id":"2172a338","settings":{"_column_size":50,"_inline_size":57.909999999999996589394868351519107818603515625,"_inline_size_tablet":100},"elements":[{"id":"7b0c5685","settings":{"title":"Hey I'm","align":"center","title_color":"#1A1A1C","typography_typography":"custom","typography_font_size":{"unit":"px","size":28,"sizes":[]},"typography_font_weight":"400","text_shadow_text_shadow_type":"yes","_margin":{"unit":"%","top":"0","right":"5","bottom":"-5","left":"65","isLinked":false},"_padding":{"unit":"px","top":"7","right":"10","bottom":"10","left":"10","isLinked":false},"_z_index":1,"_background_background":"classic","_background_color":"#FFFFFF","_margin_mobile":{"unit":"px","top":"0","right":"150","bottom":"-30","left":"0","isLinked":false},"_margin_tablet":{"unit":"%","top":"","right":"","bottom":"","left":"","isLinked":false}},"elements":[],"isInner":false,"widgetType":"heading","elType":"widget"},{"id":"40c899c6","settings":{"title":"Jim Fahad","align":"center","title_color":"#C3083F","typography_typography":"custom","typography_font_size":{"unit":"px","size":68,"sizes":[]},"typography_text_transform":"uppercase","_margin":{"unit":"%","top":"0","right":"0","bottom":"0","left":"0","isLinked":false},"_padding":{"unit":"px","top":"10","right":"10","bottom":"10","left":"10","isLinked":true},"_background_background":"classic","_background_color":"rgba(26, 26, 28, 0.95)","align_mobile":"left","typography_font_size_mobile":{"unit":"px","size":48,"sizes":[]},"_padding_mobile":{"unit":"px","top":"20","right":"10","bottom":"10","left":"10","isLinked":false},"_animation":"fadeIn","animation_duration":"slow","_animation_delay":1000},"elements":[],"isInner":false,"widgetType":"heading","elType":"widget"},{"id":"2bbbf635","settings":{"text":"Quic View","align":"right","size":"md","typography_typography":"custom","typography_font_weight":"600","typography_text_transform":"uppercase","typography_letter_spacing":{"unit":"px","size":2,"sizes":[]},"button_text_color":"#FFFFFF","background_color":"#C3083F","hover_color":"#C3083F","button_background_hover_color":"#FFFFFF","button_hover_border_color":"#FFFFFF","border_border":"solid","border_width":{"unit":"px","top":"2","right":"2","bottom":"2","left":"2","isLinked":true},"border_color":"#C3083F","border_radius":{"unit":"px","top":"25","right":"25","bottom":"25","left":"25","isLinked":true},"text_padding":{"unit":"px","top":"13","right":"30","bottom":"12","left":"30","isLinked":false},"align_mobile":"left","_animation":"fadeInLeft","animation_duration":"slow","_animation_delay":500,"link":{"url":"#about","is_external":"","nofollow":"","custom_attributes":""},"align_tablet":"center"},"elements":[],"isInner":false,"widgetType":"button","elType":"widget"}],"isInner":true,"elType":"column"}],"isInner":true,"elType":"section"}],"isInner":false,"elType":"column"}],"isInner":false,"elType":"section"},{"id":"6739f4","settings":{"stretch_section":"section-stretched","background_background":"classic","background_color":"#1A1A1C","padding_mobile":{"unit":"px","top":"35","right":"0","bottom":"0","left":"0","isLinked":false},"padding":{"unit":"px","top":"50","right":"0","bottom":"0","left":"0","isLinked":false},"_element_id":"about"},"elements":[{"id":"6cc20dc","settings":{"_column_size":100,"_inline_size":null},"elements":[{"id":"78db5c22","settings":{"title":"about","align":"center","title_color":"#C3083F","typography_typography":"custom","typography_font_size":{"unit":"px","size":70,"sizes":[]},"typography_text_transform":"uppercase","_margin":{"unit":"px","top":"0","right":"0","bottom":"25","left":"0","isLinked":false},"typography_font_size_mobile":{"unit":"px","size":48,"sizes":[]},"_margin_mobile":{"unit":"px","top":"0","right":"0","bottom":"0","left":"0","isLinked":true}},"elements":[],"isInner":false,"widgetType":"heading","elType":"widget"},{"id":"31b0f19d","settings":{"structure":"20"},"elements":[{"id":"282d75e2","settings":{"_column_size":50,"_inline_size":null,"padding":{"unit":"px","top":"10","right":"50","bottom":"10","left":"10","isLinked":false},"margin_mobile":{"unit":"px","top":"0","right":"0","bottom":"0","left":"0","isLinked":true},"padding_mobile":{"unit":"px","top":"0","right":"0","bottom":"0","left":"0","isLinked":true}},"elements":[{"id":"6c5a73ec","settings":{"title":"Who am i?","title_color":"#808080","typography_typography":"custom","typography_font_size":{"unit":"px","size":28,"sizes":[]},"typography_font_weight":"400"},"elements":[],"isInner":false,"widgetType":"heading","elType":"widget"},{"id":"2b87c86d","settings":{"editor":"<p>This is Fahad Bin Sultan (Jim Fahad). From 2011-Present, I have developed a huge number of websites. I am a passionate full stack developer(frontend\/backend).<\/p>","text_color":"#FFFFFF","typography_typography":"custom","typography_font_weight":"400","typography_line_height":{"unit":"em","size":1.600000000000000088817841970012523233890533447265625,"sizes":[]},"typography_letter_spacing":{"unit":"px","size":0.5,"sizes":[]}},"elements":[],"isInner":false,"widgetType":"text-editor","elType":"widget"},{"id":"79421a91","settings":{"editor":"<p>I also work for large businesses. I\u2019ve a great team (kuthiDevs) of quality designers\/developers.<\/p>","text_color":"#FFFFFF","typography_typography":"custom","typography_font_weight":"400","typography_line_height":{"unit":"em","size":1.600000000000000088817841970012523233890533447265625,"sizes":[]},"typography_letter_spacing":{"unit":"px","size":0.5,"sizes":[]}},"elements":[],"isInner":false,"widgetType":"text-editor","elType":"widget"},{"id":"7f9c7ad8","settings":{"title":"","percent":{"unit":"%","size":90,"sizes":[]},"inner_text":"Creative","bar_color":"#C3083F","bar_bg_color":"rgba(78, 78, 80, 0.34)","bar_height":{"unit":"px","size":20,"sizes":[]}},"elements":[],"isInner":false,"widgetType":"progress","elType":"widget"},{"id":"5a7ae29d","settings":{"title":"","percent":{"unit":"%","size":98,"sizes":[]},"inner_text":"Leadership\u200b","bar_color":"#C3083F","bar_bg_color":"rgba(78, 78, 80, 0.34)","bar_height":{"unit":"px","size":20,"sizes":[]}},"elements":[],"isInner":false,"widgetType":"progress","elType":"widget"},{"id":"430f9554","settings":{"title":"","percent":{"unit":"%","size":85,"sizes":[]},"inner_text":"Deadline","bar_color":"#C3083F","bar_bg_color":"rgba(78, 78, 80, 0.34)","bar_height":{"unit":"px","size":20,"sizes":[]}},"elements":[],"isInner":false,"widgetType":"progress","elType":"widget"},{"id":"2287a019","settings":{"title":"","percent":{"unit":"%","size":93,"sizes":[]},"inner_text":"Communication","bar_color":"#C3083F","bar_bg_color":"rgba(78, 78, 80, 0.34)","bar_height":{"unit":"px","size":20,"sizes":[]}},"elements":[],"isInner":false,"widgetType":"progress","elType":"widget"}],"isInner":true,"elType":"column"},{"id":"6393bcf7","settings":{"_column_size":50,"_inline_size":null,"content_position":"center"},"elements":[{"id":"11ad6e4f","settings":{"image":{"url":"http:\/\/jimfahad.com\/myProjects\/Wordpress\/LPE\/FA-Portfolio\/wp-content\/uploads\/2020\/03\/About-Me-scaled.jpg","id":185},"_margin":{"unit":"px","top":"0","right":"0","bottom":"0","left":"0","isLinked":false},"_animation":"fadeInRight","_animation_delay":300,"css_filters_css_filter":"custom","_padding_mobile":{"unit":"px","top":"30","right":"0","bottom":"0","left":"0","isLinked":false}},"elements":[],"isInner":false,"widgetType":"image","elType":"widget"}],"isInner":true,"elType":"column"}],"isInner":true,"elType":"section"}],"isInner":false,"elType":"column"}],"isInner":false,"elType":"section"},{"id":"38ee1fd5","settings":{"stretch_section":"section-stretched","background_background":"classic","background_color":"#1A1A1C","padding":{"unit":"px","top":"80","right":"0","bottom":"80","left":"0","isLinked":false},"padding_mobile":{"unit":"px","top":"35","right":"0","bottom":"35","left":"0","isLinked":false},"_element_id":"gallery"},"elements":[{"id":"24a38bfe","settings":{"_column_size":100,"_inline_size":null},"elements":[{"id":"73688e6d","settings":{"title":"Gallery","align":"center","title_color":"#C3083F","typography_typography":"custom","typography_font_size":{"unit":"px","size":70,"sizes":[]},"typography_text_transform":"uppercase","_margin":{"unit":"px","top":"0","right":"0","bottom":"25","left":"0","isLinked":false},"typography_font_size_mobile":{"unit":"px","size":48,"sizes":[]},"_margin_mobile":{"unit":"px","top":"0","right":"0","bottom":"0","left":"0","isLinked":true}},"elements":[],"isInner":false,"widgetType":"heading","elType":"widget"},{"id":"6af65f07","settings":{"wp_gallery":[{"id":175,"url":"http:\/\/jimfahad.com\/myProjects\/Wordpress\/LPE\/FA-Portfolio\/wp-content\/uploads\/2020\/03\/Gallery-Image-1.jpg"},{"id":176,"url":"http:\/\/jimfahad.com\/myProjects\/Wordpress\/LPE\/FA-Portfolio\/wp-content\/uploads\/2020\/03\/Gallery-Image-2.jpg"},{"id":177,"url":"http:\/\/jimfahad.com\/myProjects\/Wordpress\/LPE\/FA-Portfolio\/wp-content\/uploads\/2020\/03\/Gallery-Image-3.jpg"},{"id":178,"url":"http:\/\/jimfahad.com\/myProjects\/Wordpress\/LPE\/FA-Portfolio\/wp-content\/uploads\/2020\/03\/Gallery-Image-4.jpg"},{"id":179,"url":"http:\/\/jimfahad.com\/myProjects\/Wordpress\/LPE\/FA-Portfolio\/wp-content\/uploads\/2020\/03\/Gallery-Image-5.jpg"},{"id":180,"url":"http:\/\/jimfahad.com\/myProjects\/Wordpress\/LPE\/FA-Portfolio\/wp-content\/uploads\/2020\/03\/Gallery-Image-6.jpg"}],"columns":"3","space":{"unit":"px","size":15,"sizes":[]}},"elements":[],"isInner":false,"widgetType":"aux-gallery","elType":"widget"}],"isInner":false,"elType":"column"}],"isInner":false,"elType":"section"},{"id":"5846f94c","settings":{"stretch_section":"section-stretched","background_background":"classic","background_color":"#1A1A1C","padding":{"unit":"px","top":"100","right":"0","bottom":"100","left":"0","isLinked":false},"background_image":{"url":"http:\/\/jimfahad.com\/myProjects\/Wordpress\/LPE\/FA-Portfolio\/wp-content\/uploads\/2020\/03\/background-Image-2.jpg","id":173},"background_position":"center center","background_attachment":"fixed","background_repeat":"no-repeat","background_size":"cover","background_overlay_background":"classic","background_overlay_color":"#1A1A1C","background_overlay_opacity":{"unit":"px","size":0.75,"sizes":[]},"shape_divider_top":"tilt","shape_divider_top_color":"#1A1A1C","shape_divider_top_height":{"unit":"px","size":70,"sizes":[]},"shape_divider_bottom":"tilt","shape_divider_bottom_color":"#1A1A1C","shape_divider_bottom_height":{"unit":"px","size":70,"sizes":[]}},"elements":[{"id":"4131168d","settings":{"_column_size":100,"_inline_size":null},"elements":[{"id":"4687718d","settings":{"title":"ACHIEVEMENTS","align":"center","title_color":"#C3083F","typography_typography":"custom","typography_font_size":{"unit":"px","size":70,"sizes":[]},"typography_text_transform":"uppercase","_margin":{"unit":"px","top":"0","right":"0","bottom":"25","left":"0","isLinked":false},"typography_font_size_mobile":{"unit":"px","size":40,"sizes":[]},"_margin_mobile":{"unit":"px","top":"0","right":"0","bottom":"0","left":"0","isLinked":true}},"elements":[],"isInner":false,"widgetType":"heading","elType":"widget"},{"id":"562c10fa","settings":{"structure":"30"},"elements":[{"id":"43495f42","settings":{"_column_size":33,"_inline_size":null,"padding":{"unit":"px","top":"25","right":"25","bottom":"25","left":"25","isLinked":true}},"elements":[{"id":"59855ea4","settings":{"ending_number":142,"title":"tutorials","number_color":"#FFFFFF","typography_number_typography":"custom","typography_number_font_weight":"100","title_color":"#C3083F","typography_title_typography":"custom","typography_title_font_size":{"unit":"px","size":28,"sizes":[]},"typography_title_font_weight":"400","typography_title_text_transform":"uppercase","typography_title_letter_spacing":{"unit":"px","size":3,"sizes":[]},"_margin":{"unit":"px","top":"0","right":"0","bottom":"0","left":"0","isLinked":true},"_padding":{"unit":"px","top":"0","right":"0","bottom":"0","left":"0","isLinked":true},"suffix":"+"},"elements":[],"isInner":false,"widgetType":"counter","elType":"widget"},{"id":"143b6f21","settings":{"editor":"Habitasse platea dictumst. Ut tellus sem, suscipit ut enim id.","align":"center","text_color":"#FFFFFF","typography_typography":"custom","typography_font_weight":"400","_margin":{"unit":"px","top":"-35","right":"0","bottom":"0","left":"0","isLinked":false}},"elements":[],"isInner":false,"widgetType":"text-editor","elType":"widget"}],"isInner":true,"elType":"column"},{"id":"2c8d8918","settings":{"_column_size":33,"_inline_size":null,"padding":{"unit":"px","top":"25","right":"25","bottom":"25","left":"25","isLinked":true}},"elements":[{"id":"2546f56d","settings":{"ending_number":89,"title":"Projects","number_color":"#FFFFFF","typography_number_typography":"custom","typography_number_font_weight":"100","title_color":"#C3083F","typography_title_typography":"custom","typography_title_font_size":{"unit":"px","size":28,"sizes":[]},"typography_title_font_weight":"400","typography_title_text_transform":"uppercase","typography_title_letter_spacing":{"unit":"px","size":3,"sizes":[]},"_margin":{"unit":"px","top":"0","right":"0","bottom":"0","left":"0","isLinked":true},"_padding":{"unit":"px","top":"0","right":"0","bottom":"0","left":"0","isLinked":true},"suffix":"+"},"elements":[],"isInner":false,"widgetType":"counter","elType":"widget"},{"id":"17f22781","settings":{"editor":"Donec ultricies iaculis nisi quis posuere. Vestibulum luctus.","align":"center","text_color":"#FFFFFF","typography_typography":"custom","typography_font_weight":"400","_margin":{"unit":"px","top":"-35","right":"0","bottom":"0","left":"0","isLinked":false}},"elements":[],"isInner":false,"widgetType":"text-editor","elType":"widget"}],"isInner":true,"elType":"column"},{"id":"7d7e86aa","settings":{"_column_size":33,"_inline_size":null,"padding":{"unit":"px","top":"25","right":"25","bottom":"25","left":"25","isLinked":true}},"elements":[{"id":"5ffd5a2e","settings":{"ending_number":50,"title":"clients","number_color":"#FFFFFF","typography_number_typography":"custom","typography_number_font_weight":"100","title_color":"#C3083F","typography_title_typography":"custom","typography_title_font_size":{"unit":"px","size":28,"sizes":[]},"typography_title_font_weight":"400","typography_title_text_transform":"uppercase","typography_title_letter_spacing":{"unit":"px","size":3,"sizes":[]},"_margin":{"unit":"px","top":"0","right":"0","bottom":"0","left":"0","isLinked":true},"_padding":{"unit":"px","top":"0","right":"0","bottom":"0","left":"0","isLinked":true},"suffix":"+"},"elements":[],"isInner":false,"widgetType":"counter","elType":"widget"},{"id":"356a5942","settings":{"editor":"Cras mollis metus sit amet cursus suscipit. Integer commodo.","align":"center","text_color":"#FFFFFF","typography_typography":"custom","typography_font_weight":"400","_margin":{"unit":"px","top":"-35","right":"0","bottom":"0","left":"0","isLinked":false}},"elements":[],"isInner":false,"widgetType":"text-editor","elType":"widget"}],"isInner":true,"elType":"column"}],"isInner":true,"elType":"section"}],"isInner":false,"elType":"column"}],"isInner":false,"elType":"section"},{"id":"29da6080","settings":{"stretch_section":"section-stretched","background_background":"classic","background_color":"#1A1A1C","padding":{"unit":"px","top":"050","right":"0","bottom":"25","left":"0","isLinked":false},"_element_id":"reviews"},"elements":[{"id":"10d7d47c","settings":{"_column_size":100,"_inline_size":null,"padding":{"unit":"px","top":"0","right":"0","bottom":"0","left":"0","isLinked":true}},"elements":[{"id":"7cd635d2","settings":{"title":"Reviews","align":"center","title_color":"#C3083F","typography_typography":"custom","typography_font_size":{"unit":"px","size":70,"sizes":[]},"typography_text_transform":"uppercase","_margin":{"unit":"px","top":"0","right":"0","bottom":"25","left":"0","isLinked":false},"typography_font_size_mobile":{"unit":"px","size":48,"sizes":[]},"_margin_mobile":{"unit":"px","top":"0","right":"0","bottom":"0","left":"0","isLinked":true}},"elements":[],"isInner":false,"widgetType":"heading","elType":"widget"},{"id":"72939ac3","settings":{"structure":"30"},"elements":[{"id":"4535ee4e","settings":{"_column_size":33,"_inline_size":null,"margin_mobile":{"unit":"px","top":"25","right":"0","bottom":"35","left":"0","isLinked":false},"animation":"fadeInLeft","animation_delay":300},"elements":[{"id":"23c52ab0","settings":{"image":{"url":"http:\/\/jimfahad.com\/myProjects\/Wordpress\/LPE\/FA-Portfolio\/wp-content\/uploads\/2020\/02\/Jim-Fahad-Digital-quote-01.png","id":90},"image_size":"custom","image_custom_dimension":{"width":"100","height":"100"}},"elements":[],"isInner":false,"widgetType":"image","elType":"widget"},{"id":"18798574","settings":{"title":"Absolutely spot-on!","align":"center","title_color":"#C3083F","typography_typography":"custom","typography_font_size":{"unit":"px","size":28,"sizes":[]}},"elements":[],"isInner":false,"widgetType":"heading","elType":"widget"},{"id":"26b163b2","settings":{"editor":"<p>Seamlessly visualize quality intellectual capital without superior collaboration and idea-sharing. Holistically pontificate installed base portals.<\/p>","align":"center","text_color":"#FFFFFF","typography_typography":"custom","typography_font_size":{"unit":"px","size":14,"sizes":[]},"typography_font_weight":"400","_margin":{"unit":"px","top":"-12","right":"0","bottom":"0","left":"0","isLinked":false}},"elements":[],"isInner":false,"widgetType":"text-editor","elType":"widget"},{"id":"225ad6d3","settings":{"align":"center","icon_size":{"unit":"px","size":20,"sizes":[]},"icon_space":{"unit":"px","size":5,"sizes":[]},"stars_color":"#C3083F"},"elements":[],"isInner":false,"widgetType":"star-rating","elType":"widget"},{"id":"29f7d838","settings":{"editor":"JAMES BRISK","align":"center","text_color":"#808080","typography_typography":"custom","typography_font_weight":"400","typography_letter_spacing":{"unit":"px","size":3,"sizes":[]},"_margin":{"unit":"px","top":"-17","right":"0","bottom":"0","left":"0","isLinked":false}},"elements":[],"isInner":false,"widgetType":"text-editor","elType":"widget"},{"id":"6bd8287d","settings":{"editor":"HSBC Bank","align":"center","text_color":"#FFFFFF","typography_typography":"custom","typography_font_family":"Quicksand","typography_font_weight":"400","typography_letter_spacing":{"unit":"px","size":2,"sizes":[]},"_margin":{"unit":"px","top":"-15","right":"0","bottom":"0","left":"0","isLinked":false}},"elements":[],"isInner":false,"widgetType":"text-editor","elType":"widget"}],"isInner":true,"elType":"column"},{"id":"7218fb0","settings":{"_column_size":33,"_inline_size":null,"animation":"fadeInUp","animation_delay":500},"elements":[{"id":"70a93cc9","settings":{"image":{"url":"http:\/\/jimfahad.com\/myProjects\/Wordpress\/LPE\/FA-Portfolio\/wp-content\/uploads\/2020\/02\/Jim-Fahad-Digital-quote-02.png","id":91},"image_size":"custom","image_custom_dimension":{"width":"100","height":"100"}},"elements":[],"isInner":false,"widgetType":"image","elType":"widget"},{"id":"12face3b","settings":{"title":"Saved my Business","align":"center","title_color":"#C3083F","typography_typography":"custom","typography_font_size":{"unit":"px","size":28,"sizes":[]}},"elements":[],"isInner":false,"widgetType":"heading","elType":"widget"},{"id":"7cd89e23","settings":{"editor":"<p>Dynamically target high-payoff intellectual capital for customized technologies. Objectively integrate emerging core competency communities.<\/p>","align":"center","text_color":"#FFFFFF","typography_typography":"custom","typography_font_size":{"unit":"px","size":14,"sizes":[]},"typography_font_weight":"400","_margin":{"unit":"px","top":"-12","right":"0","bottom":"0","left":"0","isLinked":false}},"elements":[],"isInner":false,"widgetType":"text-editor","elType":"widget"},{"id":"1da37f3e","settings":{"align":"center","icon_size":{"unit":"px","size":20,"sizes":[]},"icon_space":{"unit":"px","size":5,"sizes":[]},"stars_color":"#C3083F"},"elements":[],"isInner":false,"widgetType":"star-rating","elType":"widget"},{"id":"2c1e0dfa","settings":{"editor":"MARIA GOTHENBURG","align":"center","text_color":"#808080","typography_typography":"custom","typography_font_weight":"400","typography_letter_spacing":{"unit":"px","size":3,"sizes":[]},"_margin":{"unit":"px","top":"-17","right":"0","bottom":"0","left":"0","isLinked":false}},"elements":[],"isInner":false,"widgetType":"text-editor","elType":"widget"},{"id":"77244c53","settings":{"editor":"<p>Applauz Startup<\/p><p>\u00a0<\/p>","align":"center","text_color":"#FFFFFF","typography_typography":"custom","typography_font_family":"Quicksand","typography_font_weight":"400","typography_letter_spacing":{"unit":"px","size":2,"sizes":[]},"_margin":{"unit":"px","top":"-15","right":"0","bottom":"0","left":"0","isLinked":false}},"elements":[],"isInner":false,"widgetType":"text-editor","elType":"widget"}],"isInner":true,"elType":"column"},{"id":"6bac988e","settings":{"_column_size":33,"_inline_size":null,"animation":"fadeInRight","animation_delay":300},"elements":[{"id":"10ed5123","settings":{"image":{"url":"http:\/\/jimfahad.com\/myProjects\/Wordpress\/LPE\/FA-Portfolio\/wp-content\/uploads\/2020\/02\/Jim-Fahad-Digital-quote-03.png","id":92},"image_size":"custom","image_custom_dimension":{"width":"100","height":"100"}},"elements":[],"isInner":false,"widgetType":"image","elType":"widget"},{"id":"7467c999","settings":{"title":"Best decision ever","align":"center","title_color":"#C3083F","typography_typography":"custom","typography_font_size":{"unit":"px","size":28,"sizes":[]}},"elements":[],"isInner":false,"widgetType":"heading","elType":"widget"},{"id":"5b46503e","settings":{"editor":"<p class=\"elementor-image-box-description\">Quickly deploy strategic networks with compelling e-business. Credibly pontificate highly efficient manufactured products and enabled data.<\/p>","align":"center","text_color":"#FFFFFF","typography_typography":"custom","typography_font_size":{"unit":"px","size":14,"sizes":[]},"typography_font_weight":"400","_margin":{"unit":"px","top":"-12","right":"0","bottom":"0","left":"0","isLinked":false}},"elements":[],"isInner":false,"widgetType":"text-editor","elType":"widget"},{"id":"24c93480","settings":{"align":"center","icon_size":{"unit":"px","size":20,"sizes":[]},"icon_space":{"unit":"px","size":5,"sizes":[]},"stars_color":"#C3083F"},"elements":[],"isInner":false,"widgetType":"star-rating","elType":"widget"},{"id":"17d9c7a9","settings":{"editor":"HOWARD MCMILLAN","align":"center","text_color":"#808080","typography_typography":"custom","typography_font_weight":"400","typography_letter_spacing":{"unit":"px","size":3,"sizes":[]},"_margin":{"unit":"px","top":"-17","right":"0","bottom":"0","left":"0","isLinked":false}},"elements":[],"isInner":false,"widgetType":"text-editor","elType":"widget"},{"id":"3aefcef2","settings":{"editor":"Hotel Berg","align":"center","text_color":"#FFFFFF","typography_typography":"custom","typography_font_family":"Quicksand","typography_font_weight":"400","typography_letter_spacing":{"unit":"px","size":2,"sizes":[]},"_margin":{"unit":"px","top":"-15","right":"0","bottom":"0","left":"0","isLinked":false}},"elements":[],"isInner":false,"widgetType":"text-editor","elType":"widget"}],"isInner":true,"elType":"column"}],"isInner":true,"elType":"section"}],"isInner":false,"elType":"column"}],"isInner":false,"elType":"section"},{"id":"5589ac14","settings":{"stretch_section":"section-stretched","background_background":"classic","background_color":"#1A1A1C","padding":{"unit":"px","top":"50","right":"0","bottom":"50","left":"0","isLinked":false}},"elements":[{"id":"fc61fd9","settings":{"_column_size":100,"_inline_size":null},"elements":[{"id":"3079675a","settings":{"title":"recent Post","align":"center","title_color":"#C3083F","typography_typography":"custom","typography_font_size":{"unit":"px","size":70,"sizes":[]},"typography_text_transform":"uppercase","_margin":{"unit":"px","top":"0","right":"0","bottom":"25","left":"0","isLinked":false},"typography_font_size_mobile":{"unit":"px","size":40,"sizes":[]},"_margin_mobile":{"unit":"px","top":"0","right":"0","bottom":"0","left":"0","isLinked":true}},"elements":[],"isInner":false,"widgetType":"heading","elType":"widget"},{"id":"774b3a4b","settings":{"columns":"3","excerpt_len":100,"num":3,"title_color":"#C3083F","title_typography_typography":"custom","title_typography_font_size":{"unit":"px","size":24,"sizes":[]},"title_typography_font_weight":"400","info_color":"#808080","info_typography_typography":"custom","info_typography_font_size":{"unit":"px","size":14,"sizes":[]},"info_typography_font_weight":"100","content_color":"rgba(255, 255, 255, 0.72)","content_typography_typography":"custom","content_typography_font_weight":"400","btn_text_color":"#C3083F","btn_text_color_hover":"#C3083F"},"elements":[],"isInner":false,"widgetType":"aux_recent_posts_masonry","elType":"widget"}],"isInner":false,"elType":"column"}],"isInner":false,"elType":"section"},{"id":"76fd7731","settings":{"stretch_section":"section-stretched","background_background":"classic","background_color":"#1A1A1C","background_image":{"url":"http:\/\/jimfahad.com\/myProjects\/Wordpress\/LPE\/FA-Portfolio\/wp-content\/uploads\/2020\/03\/background-Image-3.jpg","id":174},"background_position":"center center","background_attachment":"fixed","background_repeat":"no-repeat","background_size":"cover","background_overlay_background":"classic","background_overlay_color":"#1A1A1C","background_overlay_opacity":{"unit":"px","size":0.6999999999999999555910790149937383830547332763671875,"sizes":[]},"shape_divider_top":"tilt","shape_divider_top_color":"#1A1A1C","shape_divider_top_height":{"unit":"px","size":70,"sizes":[]},"shape_divider_bottom":"tilt","shape_divider_bottom_color":"#1A1A1C","shape_divider_bottom_height":{"unit":"px","size":70,"sizes":[]},"padding":{"unit":"px","top":"150","right":"0","bottom":"150","left":"0","isLinked":false},"shape_divider_top_height_mobile":{"unit":"px","size":50,"sizes":[]},"shape_divider_bottom_height_mobile":{"unit":"px","size":50,"sizes":[]},"padding_mobile":{"unit":"px","top":"100","right":"0","bottom":"100","left":"0","isLinked":false}},"elements":[{"id":"1222d619","settings":{"_column_size":100,"_inline_size":null},"elements":[{"id":"8990710","settings":{"title":"Work With","align":"center","title_color":"#C3083F","typography_typography":"custom","typography_font_size":{"unit":"px","size":70,"sizes":[]},"typography_text_transform":"uppercase","_margin":{"unit":"px","top":"0","right":"0","bottom":"25","left":"0","isLinked":false},"typography_font_size_mobile":{"unit":"px","size":48,"sizes":[]},"_margin_mobile":{"unit":"px","top":"0","right":"0","bottom":"0","left":"0","isLinked":true}},"elements":[],"isInner":false,"widgetType":"heading","elType":"widget"},{"id":"3d1f4c2d","settings":{"carousel":[{"id":97,"url":"http:\/\/jimfahad.com\/myProjects\/Wordpress\/LPE\/FA-Portfolio\/wp-content\/uploads\/2020\/02\/company4-client-1-150x43-1.png"},{"id":98,"url":"http:\/\/jimfahad.com\/myProjects\/Wordpress\/LPE\/FA-Portfolio\/wp-content\/uploads\/2020\/02\/company4-client-2.png"},{"id":99,"url":"http:\/\/jimfahad.com\/myProjects\/Wordpress\/LPE\/FA-Portfolio\/wp-content\/uploads\/2020\/02\/company4-client-3-150x41-1.png"},{"id":100,"url":"http:\/\/jimfahad.com\/myProjects\/Wordpress\/LPE\/FA-Portfolio\/wp-content\/uploads\/2020\/02\/company4-client-4.png"}],"navigation":"dots","pause_on_hover":"no","pause_on_interaction":"no","dots_size":{"unit":"px","size":7,"sizes":[]},"dots_color":"#C3083F","slides_to_show":"4","slides_to_show_tablet":"3"},"elements":[],"isInner":false,"widgetType":"image-carousel","elType":"widget"}],"isInner":false,"elType":"column"}],"isInner":false,"elType":"section"},{"id":"7dd99729","settings":{"stretch_section":"section-stretched","background_background":"classic","background_color":"#1A1A1C","margin":{"unit":"px","top":"0","right":0,"bottom":"-50","left":0,"isLinked":false},"padding":{"unit":"px","top":"50","right":"0","bottom":"70","left":"0","isLinked":false},"padding_mobile":{"unit":"px","top":"35","right":"0","bottom":"0","left":"0","isLinked":false},"_element_id":"contact"},"elements":[{"id":"663a7655","settings":{"_column_size":100,"_inline_size":null},"elements":[{"id":"3e19b842","settings":{"title":"Contact","align":"center","title_color":"#C3083F","typography_typography":"custom","typography_font_size":{"unit":"px","size":70,"sizes":[]},"typography_text_transform":"uppercase","_margin":{"unit":"px","top":"0","right":"0","bottom":"25","left":"0","isLinked":false},"typography_font_size_mobile":{"unit":"px","size":48,"sizes":[]},"_margin_mobile":{"unit":"px","top":"0","right":"0","bottom":"0","left":"0","isLinked":true}},"elements":[],"isInner":false,"widgetType":"heading","elType":"widget"},{"id":"1c80cc84","settings":{"_margin":{"unit":"%","top":"0","right":"20","bottom":"0","left":"20","isLinked":false},"_margin_mobile":{"unit":"px","top":"0","right":"0","bottom":"0","left":"0","isLinked":true}},"elements":[],"isInner":false,"widgetType":"aux_contact_form","elType":"widget"}],"isInner":false,"elType":"column"}],"isInner":false,"elType":"section"}]}